﻿ID,種類,地域,市区町村コード,都道府県名,市区町村名,地区名,最寄駅：名称,最寄駅：距離（分）,間取り,面積（㎡）,土地の形状,間口,延床面積（㎡）,建築年,建物の構造,用途,今後の利用目的,前面道路：方位,前面道路：種類,前面道路：幅員（ｍ）,都市計画,建ぺい率（％）,容積率（％）,取引時点,改装,取引の事情等,取引価格（総額）_log
32023415,中古マンション等,,32201,島根県,松江市,黒田町,松江,30分?60分,３ＬＤＫ,65,,,,平成13年,ＲＣ,住宅,,,,,近隣商業地域,80.0,200.0,2012年第2四半期,未改装,,7.230448921378274
32001215,中古マンション等,,32201,島根県,松江市,袖師町,松江,21,４ＬＤＫ,85,,,,平成12年,ＳＲＣ,住宅,住宅,,,,商業地域,80.0,400.0,2020年第3四半期,改装済,,7.2552725051033065
32029570,中古マンション等,,32201,島根県,松江市,大輪町,松江,28,３ＬＤＫ,75,,,,平成19年,ＲＣ,住宅,,,,,第１種住居地域,60.0,200.0,2013年第4四半期,未改装,,7.230448921378274
32032281,中古マンション等,,32201,島根県,松江市,学園南,松江,20,３ＬＤＫ,75,,,,平成20年,ＲＣ,住宅,,,,,第２種住居地域,60.0,200.0,2009年第3四半期,未改装,,7.361727836017593
32023607,中古マンション等,,32201,島根県,松江市,大輪町,松江,28,３ＬＤＫ,65,,,,平成9年,ＲＣ,住宅,住宅,,,,第１種住居地域,60.0,200.0,2016年第4四半期,改装済,,7.2552725051033065
32002417,中古マンション等,,32201,島根県,松江市,東茶町,松江,20,３ＬＤＫ,70,,,,平成9年,ＲＣ,住宅,住宅,,,,商業地域,80.0,500.0,2018年第4四半期,未改装,,7.204119982655925
32001418,中古マンション等,,32201,島根県,松江市,玉湯町湯町,玉造温泉,13,２ＬＤＫ,65,,,,平成28年,ＲＣ,住宅,住宅,,,,商業地域,80.0,400.0,2020年第1四半期,未改装,,7.041392685158225
32023771,中古マンション等,,32201,島根県,松江市,袖師町,松江,19,４ＬＤＫ,85,,,,平成12年,ＳＲＣ,住宅,,,,,商業地域,80.0,400.0,2012年第2四半期,未改装,,7.342422680822207
32029152,中古マンション等,,32201,島根県,松江市,春日町,松江,30分?60分,４ＬＤＫ,90,,,,平成21年,ＲＣ,住宅,,,,,第２種中高層住居専用地域,60.0,200.0,2013年第3四半期,未改装,,7.431363764158987
32002477,中古マンション等,,32201,島根県,松江市,東津田町,松江,30分?60分,３ＬＤＫ,75,,,,平成19年,,住宅,住宅,,,,第１種住居地域,60.0,200.0,2020年第4四半期,未改装,,7.301029995663981
32023777,中古マンション等,,32201,島根県,松江市,外中原町,松江,30分?60分,２ＬＤＫ,65,,,,平成14年,ＳＲＣ,住宅,,,,,第１種住居地域,60.0,200.0,2012年第4四半期,未改装,,7.146128035678238
32002133,中古マンション等,,32201,島根県,松江市,東朝日町,松江,6,３ＬＤＫ,70,,,,平成14年,ＳＲＣ,住宅,住宅,,,,商業地域,80.0,400.0,2021年第4四半期,未改装,,7.3222192947339195
32012286,中古マンション等,,32201,島根県,松江市,春日町,松江,30分?60分,４ＬＤＫ,90,,,,平成21年,ＲＣ,住宅,住宅,,,,第２種中高層住居専用地域,60.0,200.0,2014年第3四半期,未改装,,7.477121254719663
32001727,中古マンション等,,32201,島根県,松江市,西川津町,松江,28,３ＬＤＫ,60,,,,平成12年,ＲＣ,住宅,住宅,,,,第１種住居地域,60.0,200.0,2021年第1四半期,未改装,,6.812913356642856
32029854,中古マンション等,,32201,島根県,松江市,東朝日町,松江,6,３ＬＤＫ,70,,,,平成14年,ＳＲＣ,住宅,,,,,商業地域,80.0,400.0,2013年第1四半期,未改装,,7.230448921378274
32032279,中古マンション等,,32201,島根県,松江市,学園南,松江,19,３ＬＤＫ,90,,,,平成20年,ＲＣ,住宅,,,,,第２種住居地域,60.0,200.0,2009年第4四半期,未改装,,7.414973347970818
32029824,中古マンション等,,32201,島根県,松江市,浜乃木,乃木,3,３ＬＤＫ,75,,,,平成2年,ＲＣ,住宅,,,,,第２種住居地域,60.0,200.0,2013年第2四半期,未改装,,7.230448921378274
32000436,中古マンション等,,32201,島根県,松江市,学園,松江,29,２ＬＤＫ,75,,,,平成7年,ＲＣ,住宅,住宅,,,,第２種中高層住居専用地域,60.0,200.0,2022年第4四半期,改装済,,7.2552725051033065
32029849,中古マンション等,,32201,島根県,松江市,東朝日町,松江,10,３ＬＤＫ,75,,,,平成15年,ＲＣ,住宅,,,,,準工業地域,60.0,200.0,2013年第3四半期,未改装,,7.301029995663981
32014403,中古マンション等,,32203,島根県,出雲市,今市町北本町,出雲市,11,２ＬＤＫ,65,,,,平成21年,ＲＣ,住宅,住宅,,,,商業地域,80.0,400.0,2017年第3四半期,未改装,,7.2552725051033065
32004577,中古マンション等,,32203,島根県,出雲市,小山町,出雲市,30分?60分,３ＬＤＫ,70,,,,平成14年,ＳＲＣ,住宅,住宅,,,,第１種住居地域,60.0,200.0,2023年第1四半期,未改装,,7.176091259055681
32000687,中古マンション等,,32201,島根県,松江市,黒田町,松江,30分?60分,３ＬＤＫ,70,,,,,,,住宅,,,,近隣商業地域,80.0,200.0,2022年第2四半期,,,7.146128035678238
32023770,中古マンション等,,32201,島根県,松江市,袖師町,松江,21,３ＬＤＫ,70,,,,平成12年,ＳＲＣ,住宅,,,,,商業地域,80.0,400.0,2012年第4四半期,未改装,,7.176091259055681
32002134,中古マンション等,,32201,島根県,松江市,東朝日町,松江,10,３ＬＤＫ,75,,,,平成15年,ＲＣ,住宅,住宅,,,,準工業地域,60.0,200.0,2021年第3四半期,未改装,,7.301029995663981
32020767,中古マンション等,,32201,島根県,松江市,学園,松江,30分?60分,３ＬＤＫ,75,,,,平成16年,ＳＲＣ,住宅,住宅,,,,第２種住居地域,60.0,200.0,2015年第3四半期,未改装,,7.2552725051033065
32034626,中古マンション等,,32201,島根県,松江市,学園,松江,30分?60分,３ＬＤＫ,80,,,,平成16年,ＳＲＣ,住宅,,,,,第２種中高層住居専用地域,60.0,200.0,2007年第3四半期,未改装,,7.278753600952829
32002146,中古マンション等,,32201,島根県,松江市,東朝日町,松江,5,２ＬＤＫ,60,,,,平成14年,ＳＲＣ,,住宅,,,,商業地域,80.0,400.0,2019年第2四半期,未改装,,7.176091259055681
32016641,中古マンション等,,32201,島根県,松江市,西川津町,松江,30分?60分,４ＬＤＫ,90,,,,平成13年,ＲＣ,住宅,,,,,第１種中高層住居専用地域,60.0,200.0,2011年第3四半期,改装済,,7.301029995663981
32013010,中古マンション等,,32201,島根県,松江市,砂子町,松江しんじ湖温泉,10,４ＬＤＫ,85,,,,平成12年,ＲＣ,住宅,住宅,,,,近隣商業地域,80.0,200.0,2017年第3四半期,未改装,,7.301029995663981
32000561,中古マンション等,,32201,島根県,松江市,春日町,松江,30分?60分,３ＬＤＫ,70,,,,平成21年,ＲＣ,住宅,住宅,,,,第２種中高層住居専用地域,60.0,200.0,2021年第1四半期,未改装,,7.230448921378274
32002103,中古マンション等,,32201,島根県,松江市,浜乃木,乃木,9,３ＬＤＫ,75,,,,平成16年,ＲＣ,住宅,住宅,,,,第２種住居地域,60.0,200.0,2018年第3四半期,未改装,,7.301029995663981
32000441,中古マンション等,,32201,島根県,松江市,学園,松江,30分?60分,２ＬＤＫ,65,,,,平成8年,ＲＣ,住宅,住宅,,,,第２種住居地域,60.0,200.0,2021年第2四半期,改装済,,7.113943352306837
32001217,中古マンション等,,32201,島根県,松江市,袖師町,松江,21,２ＬＤＫ,70,,,,平成12年,ＳＲＣ,,住宅,,,,商業地域,80.0,400.0,2020年第1四半期,未改装,,7.230448921378274
32020757,中古マンション等,,32201,島根県,松江市,奥谷町,松江,30分?60分,３ＬＤＫ,60,,,,平成3年,ＲＣ,住宅,住宅,,,,第１種中高層住居専用地域,60.0,200.0,2015年第3四半期,未改装,,7.079181246047625
32035199,中古マンション等,,32201,島根県,松江市,西津田,松江,13,３ＬＤＫ,70,,,,平成5年,ＲＣ,住宅,,,,,第１種住居地域,60.0,200.0,2008年第4四半期,未改装,,7.0
32013954,中古マンション等,,32201,島根県,松江市,西津田,松江,13,３ＬＤＫ,70,,,,平成4年,ＲＣ,住宅,,,,,第１種住居地域,60.0,200.0,2010年第1四半期,改装済,,6.892094602690481
32032475,中古マンション等,,32201,島根県,松江市,寺町,松江,3,４ＬＤＫ,80,,,,平成13年,ＳＲＣ,住宅,,,,,商業地域,80.0,400.0,2009年第1四半期,未改装,,7.176091259055681
32032310,中古マンション等,,32201,島根県,松江市,春日町,松江,30分?60分,４ＬＤＫ,90,,,,平成21年,ＲＣ,住宅,,,,,第２種中高層住居専用地域,60.0,200.0,2009年第3四半期,未改装,,7.4623979978989565
32034631,中古マンション等,,32201,島根県,松江市,学園,松江,28,３ＬＤＫ,65,,,,平成7年,ＲＣ,住宅,,,,,第２種中高層住居専用地域,60.0,200.0,2007年第2四半期,改装済,,7.146128035678238
32001211,中古マンション等,,32201,島根県,松江市,砂子町,松江しんじ湖温泉,9,３ＬＤＫ,75,,,,平成12年,ＲＣ,住宅,住宅,,,,近隣商業地域,80.0,200.0,2020年第4四半期,未改装,調停・競売等,7.176091259055681
32012502,中古マンション等,,32201,島根県,松江市,西川津町,松江,30分?60分,３ＬＤＫ,65,,,,平成13年,ＲＣ,住宅,,,,,第１種中高層住居専用地域,60.0,200.0,2014年第1四半期,未改装,,7.176091259055681
32000713,中古マンション等,,32201,島根県,松江市,黒田町,松江,30分?60分,２ＬＤＫ,70,,,,平成18年,ＳＲＣ,住宅,住宅,,,,第２種中高層住居専用地域,60.0,200.0,2020年第2四半期,未改装,,7.204119982655925
32000744,中古マンション等,,32201,島根県,松江市,黒田町,松江しんじ湖温泉,12,２ＬＤＫ＋Ｓ,80,,,,平成20年,ＲＣ,,住宅,,,,近隣商業地域,80.0,200.0,2018年第2四半期,,,7.342422680822207
32032254,中古マンション等,,32201,島根県,松江市,内中原町,松江,28,３ＬＤＫ,70,,,,平成13年,ＲＣ,住宅,,,,,商業地域,80.0,400.0,2009年第1四半期,改装済,,7.041392685158225
32002128,中古マンション等,,32201,島根県,松江市,東朝日町,松江,6,４ＬＤＫ,95,,,,平成14年,ＳＲＣ,住宅,住宅,,,,商業地域,80.0,400.0,2022年第2四半期,未改装,,7.079181246047625
32004606,中古マンション等,,32203,島根県,出雲市,小山町,出雲市,30分?60分,３ＬＤＫ,70,,,,平成14年,ＳＲＣ,住宅,住宅,,,,第１種住居地域,60.0,200.0,2020年第3四半期,改装済,,7.204119982655925
32000078,中古マンション等,,32201,島根県,松江市,上乃木,松江,30分?60分,２ＬＤＫ,80,,,,平成27年,ＲＣ,住宅,住宅,,,,第１種中高層住居専用地域,60.0,200.0,2021年第2四半期,未改装,,7.431363764158987
32000021,中古マンション等,,32201,島根県,松江市,上乃木,乃木,16,３ＬＤＫ,65,,,,平成13年,ＲＣ,,住宅,,,,第２種中高層住居専用地域,60.0,200.0,2021年第3四半期,改装済,,7.230448921378274
32023903,中古マンション等,,32201,島根県,松江市,西川津町,松江,30分?60分,３ＬＤＫ,65,,,,平成13年,ＲＣ,住宅,事務所,,,,第１種中高層住居専用地域,60.0,200.0,2016年第2四半期,改装済,,7.230448921378274
32035181,中古マンション等,,32201,島根県,松江市,西川津町,,,３ＬＤＫ,65,,,,平成12年,ＲＣ,住宅,,,,,,,,2008年第4四半期,,調停・競売等,6.785329835010767
32030473,中古マンション等,,32203,島根県,出雲市,今市町,出雲市,5,３ＬＤＫ,90,,,,平成19年,ＲＣ,住宅,,,,,商業地域,80.0,400.0,2013年第3四半期,未改装,,7.3222192947339195
32035260,中古マンション等,,32201,島根県,松江市,浜乃木,乃木,8,３ＬＤＫ,70,,,,平成15年,ＲＣ,住宅,,,,,準工業地域,60.0,200.0,2008年第1四半期,未改装,,7.204119982655925
32032949,中古マンション等,,32203,島根県,出雲市,今市町,出雲市,5,３ＬＤＫ,80,,,,,ＲＣ,住宅,,,,,市街化区域及び市街化調整区域外の都市計画区域,,,2009年第3四半期,未改装,,7.3222192947339195
32000725,中古マンション等,,32201,島根県,松江市,黒田町,松江,30分?60分,３ＬＤＫ,75,,,,平成18年,ＳＲＣ,,住宅,,,,第２種中高層住居専用地域,60.0,200.0,2018年第4四半期,未改装,,7.278753600952829
32025681,中古マンション等,,32203,島根県,出雲市,駅南町,出雲市,4,３ＬＤＫ,65,,,,平成14年,ＲＣ,住宅,,,,,商業地域,80.0,400.0,2012年第3四半期,未改装,,7.146128035678238
32032986,中古マンション等,,32203,島根県,出雲市,駅南町,出雲市,4,３ＬＤＫ,65,,,,平成14年,ＲＣ,住宅,,,,,商業地域,80.0,500.0,2009年第3四半期,未改装,,7.079181246047625
32002096,中古マンション等,,32201,島根県,松江市,浜乃木,乃木,6,３ＬＤＫ,75,,,,平成15年,ＲＣ,住宅,住宅,,,,第２種住居地域,60.0,200.0,2019年第1四半期,未改装,,7.278753600952829
32021395,中古マンション等,,32201,島根県,松江市,西津田,松江,21,４ＬＤＫ,80,,,,平成15年,ＳＲＣ,住宅,住宅,,,,準工業地域,60.0,200.0,2015年第3四半期,未改装,,7.176091259055681
32021394,中古マンション等,,32201,島根県,松江市,西津田,松江,21,４ＬＤＫ,75,,,,平成15年,ＳＲＣ,住宅,住宅,,,,準工業地域,60.0,200.0,2015年第3四半期,未改装,,7.230448921378274
32004112,中古マンション等,,32203,島根県,出雲市,今市町北本町,出雲市,12,２ＬＤＫ,70,,,,平成21年,ＲＣ,住宅,住宅,,,,商業地域,80.0,400.0,2020年第1四半期,未改装,,7.301029995663981
32033225,中古マンション等,,32203,島根県,出雲市,中野美保北,出雲市,29,３ＬＤＫ,70,,,,平成17年,ＲＣ,住宅,,,,,第２種住居地域,60.0,200.0,2009年第2四半期,未改装,調停・競売等,6.973127853599698
32000623,中古マンション等,,32201,島根県,松江市,北田町,松江,18,３ＬＤＫ,70,,,,平成29年,ＲＣ,,住宅,,,,第２種中高層住居専用地域,60.0,200.0,2020年第1四半期,未改装,,7.4623979978989565
32030484,中古マンション等,,32203,島根県,出雲市,今市町北本町,出雲市,11,３ＬＤＫ,80,,,,平成21年,ＲＣ,住宅,,,,,商業地域,80.0,400.0,2013年第3四半期,未改装,,7.146128035678238
32000629,中古マンション等,,32201,島根県,松江市,北田町,松江,19,３ＬＤＫ,80,,,,平成29年,ＲＣ,,住宅,,,,第２種中高層住居専用地域,60.0,200.0,2019年第2四半期,未改装,,7.447158031342219
32000457,中古マンション等,,32201,島根県,松江市,学園,松江,30分?60分,４ＬＤＫ,70,,,,平成7年,ＲＣ,,住宅,,,,第２種中高層住居専用地域,60.0,200.0,2019年第1四半期,未改装,,7.230448921378274
32000614,中古マンション等,,32201,島根県,松江市,北田町,松江,20,２ＬＤＫ,55,,,,平成29年,ＲＣ,,住宅,,,,第２種中高層住居専用地域,,,2022年第3四半期,未改装,,7.342422680822207
32013868,中古マンション等,,32201,島根県,松江市,西川津町,松江,26,３ＬＤＫ,60,,,,平成2年,ＲＣ,住宅,,,,,第１種住居地域,60.0,200.0,2010年第3四半期,未改装,,6.724275869600789
32000059,中古マンション等,,32201,島根県,松江市,上乃木,松江,30分?60分,,70,,,,平成27年,ＲＣ,住宅,住宅,,,,第１種中高層住居専用地域,60.0,200.0,2022年第3四半期,未改装,,7.301029995663981
32023421,中古マンション等,,32201,島根県,松江市,黒田町,松江,30分?60分,３ＬＤＫ,70,,,,平成13年,ＲＣ,住宅,,,,,近隣商業地域,80.0,200.0,2012年第1四半期,未改装,,6.954242509439325
32013025,中古マンション等,,32201,島根県,松江市,大正町,松江,2,４ＬＤＫ,90,,,,平成13年,ＳＲＣ,住宅,住宅,,,,商業地域,80.0,400.0,2017年第1四半期,未改装,,7.414973347970818
32001744,中古マンション等,,32201,島根県,松江市,西川津町,松江,30分?60分,３ＬＤＫ,80,,,,平成13年,,住宅,住宅,,,,第１種中高層住居専用地域,60.0,200.0,2020年第2四半期,未改装,,7.176091259055681
32001840,中古マンション等,,32201,島根県,松江市,西津田,松江,9,３ＬＤＫ,75,,,,平成30年,ＲＣ,住宅,住宅,,,,第２種住居地域,60.0,200.0,2022年第4四半期,未改装,,7.447158031342219
32000071,中古マンション等,,32201,島根県,松江市,上乃木,松江,30分?60分,３ＬＤＫ,70,,,,平成27年,ＲＣ,住宅,住宅,,,,第１種中高層住居専用地域,60.0,200.0,2021年第4四半期,未改装,,7.3979400086720375
32032563,中古マンション等,,32201,島根県,松江市,浜乃木,,,２ＬＤＫ＋Ｓ,65,,,,平成11年,ＳＲＣ,住宅,,,,,,,,2009年第2四半期,改装済,,7.113943352306837
32013013,中古マンション等,,32201,島根県,松江市,袖師町,松江,23,３ＬＤＫ,60,,,,平成12年,ＳＲＣ,住宅,住宅,,,,商業地域,80.0,400.0,2017年第1四半期,未改装,,7.146128035678238
32020859,中古マンション等,,32201,島根県,松江市,春日町,松江しんじ湖温泉,25,４ＬＤＫ,120,,,,平成17年,ＲＣ,住宅,住宅,,,,第２種住居地域,60.0,200.0,2015年第4四半期,未改装,,7.518513939877887
32000267,中古マンション等,,32201,島根県,松江市,内中原町,松江,30分?60分,４ＬＤＫ,100,,,,,,,住宅,,,,第１種中高層住居専用地域,60.0,200.0,2021年第4四半期,,,7.361727836017593
32000451,中古マンション等,,32201,島根県,松江市,学園,松江,30分?60分,３ＬＤＫ,75,,,,,,,住宅,,,,第２種住居地域,,,2020年第1四半期,未改装,,7.342422680822207
32001202,中古マンション等,,32201,島根県,松江市,砂子町,松江,30分?60分,３ＬＤＫ,75,,,,,ＲＣ,,住宅,,,,近隣商業地域,80.0,200.0,2022年第1四半期,未改装,,7.176091259055681
32000449,中古マンション等,,32201,島根県,松江市,学園,松江,30分?60分,３ＬＤＫ,70,,,,平成7年,ＲＣ,住宅,住宅,,,,第２種中高層住居専用地域,60.0,200.0,2020年第2四半期,未改装,,7.204119982655925
32013511,中古マンション等,,32201,島根県,松江市,東津田町,松江,30分?60分,３ＬＤＫ,65,,,,平成12年,,住宅,住宅,,,,第１種住居地域,60.0,200.0,2017年第4四半期,未改装,,7.079181246047625
32000440,中古マンション等,,32201,島根県,松江市,学園,松江,30分?60分,３ＬＤＫ,70,,,,平成8年,ＲＣ,住宅,住宅,,,,第２種住居地域,60.0,200.0,2021年第3四半期,改装済,,7.278753600952829
32029028,中古マンション等,,32201,島根県,松江市,学園南,松江,15,,65,,,,,ＲＣ,住宅,,,,,第２種住居地域,60.0,200.0,2013年第3四半期,未改装,,7.0
32035371,中古マンション等,,32201,島根県,松江市,東津田町,松江,30分?60分,４ＬＤＫ,85,,,,平成12年,ＳＲＣ,住宅,,,,,第１種住居地域,60.0,200.0,2008年第2四半期,未改装,,7.230448921378274
32032567,中古マンション等,,32201,島根県,松江市,東朝日町,松江,9,３ＬＤＫ,75,,,,平成15年,ＲＣ,住宅,,,,,準工業地域,60.0,200.0,2009年第4四半期,改装済,,7.204119982655925
32013239,中古マンション等,,32201,島根県,松江市,西津田,松江,16,４ＬＤＫ,75,,,,平成4年,ＲＣ,住宅,住宅,,,,第１種住居地域,60.0,200.0,2017年第1四半期,未改装,調停・競売等,7.079181246047625
32001214,中古マンション等,,32201,島根県,松江市,袖師町,松江,23,３ＬＤＫ,70,,,,平成12年,ＳＲＣ,住宅,住宅,,,,商業地域,80.0,400.0,2021年第3四半期,未改装,,7.3222192947339195
32000743,中古マンション等,,32201,島根県,松江市,黒田町,松江しんじ湖温泉,15,２ＬＤＫ,65,,,,平成18年,,住宅,住宅,,,,第２種中高層住居専用地域,60.0,200.0,2019年第3四半期,未改装,,7.230448921378274
32000690,中古マンション等,,32201,島根県,松江市,黒田町,松江,30分?60分,３ＬＤＫ,65,,,,平成13年,ＲＣ,住宅,住宅,,,,近隣商業地域,80.0,200.0,2022年第1四半期,未改装,,7.146128035678238
32004144,中古マンション等,,32203,島根県,出雲市,駅南町,出雲市,4,３ＬＤＫ,65,,,,平成14年,ＲＣ,住宅,住宅,,,,商業地域,80.0,400.0,2020年第2四半期,,,7.146128035678238
32001873,中古マンション等,,32201,島根県,松江市,西津田,松江,15,４ＬＤＫ,75,,,,平成9年,ＲＣ,,住宅,,,,第２種住居地域,60.0,200.0,2019年第4四半期,未改装,,7.146128035678238
32015422,中古マンション等,,32203,島根県,出雲市,今市町北本町,出雲市,,２ＬＤＫ,65,,,,平成21年,ＲＣ,住宅,,,,,,,,2010年第1四半期,未改装,,7.278753600952829
32024084,中古マンション等,,32201,島根県,松江市,浜乃木,乃木,4,４ＬＤＫ,80,,,,平成15年,ＲＣ,住宅,住宅,,,,準工業地域,60.0,200.0,2016年第1四半期,改装済,,7.342422680822207
32015419,中古マンション等,,32203,島根県,出雲市,今市町北本町,出雲市,11,２ＬＤＫ,65,,,,平成21年,ＲＣ,住宅,,,,,商業地域,80.0,400.0,2010年第2四半期,未改装,,7.204119982655925
32034630,中古マンション等,,32201,島根県,松江市,学園,松江,30分?60分,４ＬＤＫ,80,,,,平成16年,ＳＲＣ,住宅,,,,,第２種中高層住居専用地域,60.0,200.0,2007年第2四半期,未改装,調停・競売等,7.113943352306837
32023314,中古マンション等,,32201,島根県,松江市,春日町,松江しんじ湖温泉,30分?60分,３ＬＤＫ,70,,,,平成18年,ＲＣ,住宅,,,,,第２種中高層住居専用地域,60.0,200.0,2012年第1四半期,改装済,,7.2552725051033065
32013325,中古マンション等,,32201,島根県,松江市,春日町,松江,30分?60分,３ＬＤＫ,70,,,,平成21年,ＲＣ,住宅,,,,,第２種中高層住居専用地域,60.0,200.0,2010年第2四半期,未改装,,7.2552725051033065
32034762,中古マンション等,,32201,島根県,松江市,黒田町,松江しんじ湖温泉,18,３ＬＤＫ,65,,,,平成13年,ＲＣ,住宅,,,,,近隣商業地域,80.0,200.0,2007年第2四半期,未改装,,7.176091259055681
32029274,中古マンション等,,32201,島根県,松江市,黒田町,松江,30分?60分,３ＬＤＫ,80,,,,平成20年,ＲＣ,住宅,,,,,近隣商業地域,80.0,200.0,2013年第4四半期,未改装,,7.342422680822207
32029727,中古マンション等,,32201,島根県,松江市,西津田,松江,18,３ＬＤＫ,65,,,,平成9年,ＲＣ,住宅,,,,,第２種住居地域,60.0,200.0,2013年第4四半期,未改装,,6.963787827345556
32000691,中古マンション等,,32201,島根県,松江市,黒田町,松江,30分?60分,３ＬＤＫ,70,,,,平成13年,ＲＣ,,,,,,近隣商業地域,80.0,200.0,2022年第1四半期,未改装,,7.041392685158225
32000268,中古マンション等,,32201,島根県,松江市,内中原町,松江,25,３ＬＤＫ,75,,,,平成13年,ＲＣ,,住宅,,,,商業地域,80.0,400.0,2021年第4四半期,未改装,,7.176091259055681
32013317,中古マンション等,,32201,島根県,松江市,春日町,松江,30分?60分,３ＬＤＫ,70,,,,平成21年,ＲＣ,住宅,,,,,第２種中高層住居専用地域,60.0,200.0,2010年第3四半期,未改装,,7.2552725051033065
32012684,中古マンション等,,32201,島根県,松江市,東茶町,松江,20,２ＬＤＫ,55,,,,平成9年,ＲＣ,住宅,住宅,,,,商業地域,80.0,500.0,2014年第2四半期,未改装,,7.146128035678238
32015932,中古マンション等,,32201,島根県,松江市,春日町,松江,30分?60分,３ＬＤＫ,75,,,,平成18年,ＲＣ,住宅,,,,,第２種中高層住居専用地域,60.0,200.0,2011年第2四半期,未改装,,7.204119982655925
32013354,中古マンション等,,32201,島根県,松江市,東朝日町,松江,10,３ＬＤＫ,70,,,,平成15年,ＲＣ,住宅,住宅,,,,準工業地域,60.0,200.0,2017年第1四半期,未改装,,7.301029995663981
32032280,中古マンション等,,32201,島根県,松江市,学園南,松江,19,３ＬＤＫ,80,,,,平成20年,ＲＣ,住宅,,,,,第２種住居地域,60.0,200.0,2009年第4四半期,未改装,,7.3979400086720375
32004139,中古マンション等,,32203,島根県,出雲市,駅南町,出雲市,3,４ＬＤＫ,75,,,,平成14年,ＲＣ,住宅,住宅,,,,商業地域,80.0,400.0,2022年第4四半期,未改装,,6.963787827345556
32001779,中古マンション等,,32201,島根県,松江市,西川津町,松江,28,３ＬＤＫ,60,,,,平成2年,ＲＣ,住宅,住宅,,,,第１種中高層住居専用地域,60.0,200.0,2018年第2四半期,未改装,,6.826074802700826
32035220,中古マンション等,,32201,島根県,松江市,西津田,,,４ＬＤＫ,80,,,,平成6年,ＲＣ,住宅,,,,,,,,2008年第4四半期,未改装,,6.845098040014257
32000738,中古マンション等,,32201,島根県,松江市,黒田町,松江しんじ湖温泉,16,３ＬＤＫ,65,,,,平成11年,ＲＣ,住宅,住宅,,,,第２種中高層住居専用地域,60.0,200.0,2022年第4四半期,未改装,,7.079181246047625
32020679,中古マンション等,,32201,島根県,松江市,内中原町,松江しんじ湖温泉,9,５ＬＤＫ,105,,,,平成13年,ＲＣ,住宅,住宅,,,,商業地域,80.0,400.0,2015年第4四半期,未改装,,7.3979400086720375
32012262,中古マンション等,,32201,島根県,松江市,学園,松江,29,３ＬＤＫ,60,,,,平成7年,ＲＣ,住宅,住宅,,,,第２種中高層住居専用地域,60.0,200.0,2014年第4四半期,未改装,,7.113943352306837
32023139,中古マンション等,,32201,島根県,松江市,春日町,松江,1H?1H30,４ＬＤＫ,100,,,,平成18年,ＲＣ,住宅,住宅,,,,第２種中高層住居専用地域,60.0,200.0,2016年第4四半期,未改装,,7.2552725051033065
32032278,中古マンション等,,32201,島根県,松江市,学園南,松江,19,４ＬＤＫ,90,,,,平成20年,ＲＣ,住宅,,,,,第２種住居地域,60.0,200.0,2009年第4四半期,未改装,,7.3979400086720375
32001242,中古マンション等,,32201,島根県,松江市,大正町,松江,3,３ＬＤＫ,70,,,,平成13年,ＳＲＣ,住宅,住宅,,,,商業地域,80.0,400.0,2021年第2四半期,未改装,,7.278753600952829
32032452,中古マンション等,,32201,島根県,松江市,大輪町,松江,28,４ＬＤＫ,85,,,,平成8年,ＲＣ,住宅,,,,,第１種住居地域,60.0,200.0,2009年第4四半期,未改装,調停・競売等,6.991226075692495
32001895,中古マンション等,,32201,島根県,松江市,西津田,松江,20,３ＬＤＫ,60,,,,平成4年,ＲＣ,住宅,住宅,,,,第１種住居地域,60.0,200.0,2018年第3四半期,未改装,,6.977723605288848
32002105,中古マンション等,,32201,島根県,松江市,浜乃木,乃木,6,３ＬＤＫ,75,,,,平成15年,ＲＣ,,住宅,,,,第２種住居地域,60.0,200.0,2018年第2四半期,改装済,,7.3222192947339195
32001695,中古マンション等,,32201,島根県,松江市,西川津町,松江,26,２ＬＤＫ,60,,,,平成2年,ＲＣ,住宅,住宅,,,,第１種住居地域,60.0,200.0,2023年第1四半期,改装済,,7.079181246047625
32035254,中古マンション等,,32201,島根県,松江市,浜乃木,乃木,5,３ＬＤＫ,70,,,,平成11年,ＳＲＣ,住宅,,,,,第１種住居地域,60.0,200.0,2008年第4四半期,未改装,,7.204119982655925
32001398,中古マンション等,,32201,島根県,松江市,玉湯町湯町,玉造温泉,13,２ＬＤＫ,50,,,,平成28年,ＲＣ,住宅,その他,,,,商業地域,80.0,400.0,2020年第3四半期,改装済,,6.832508912706237
32016640,中古マンション等,,32201,島根県,松江市,西川津町,松江,23,３ＬＤＫ,60,,,,平成2年,ＲＣ,住宅,,,,,第１種住居地域,60.0,200.0,2011年第3四半期,改装済,,6.880813592280791
32000450,中古マンション等,,32201,島根県,松江市,学園,松江,30分?60分,４ＬＤＫ,75,,,,平成7年,ＲＣ,住宅,住宅,,,,第１種中高層住居専用地域,60.0,200.0,2020年第2四半期,改装済,,7.230448921378274
32014517,中古マンション等,,32203,島根県,出雲市,大津朝倉,出雲市,25,２ＬＤＫ,90,,,,平成27年,ＲＣ,住宅,住宅,,,,第１種住居地域,60.0,200.0,2017年第4四半期,未改装,,7.556302500767287
32023587,中古マンション等,,32201,島根県,松江市,袖師町,松江,21,３ＬＤＫ,60,,,,平成12年,ＳＲＣ,住宅,住宅,,,,商業地域,80.0,400.0,2016年第1四半期,未改装,,7.204119982655925
32023901,中古マンション等,,32201,島根県,松江市,西川津町,松江,30分?60分,３ＬＤＫ,70,,,,平成13年,ＲＣ,住宅,住宅,,,,第１種中高層住居専用地域,60.0,200.0,2016年第3四半期,改装済,,7.230448921378274
32016407,中古マンション等,,32201,島根県,松江市,大輪町,松江,28,３ＬＤＫ,70,,,,平成19年,ＲＣ,住宅,,,,,第１種住居地域,60.0,200.0,2011年第4四半期,未改装,,7.342422680822207
32035203,中古マンション等,,32201,島根県,松江市,西津田,松江,21,４ＬＤＫ,80,,,,平成15年,ＳＲＣ,住宅,,,,,準工業地域,60.0,200.0,2008年第2四半期,,調停・競売等,7.176091259055681
32001572,中古マンション等,,32201,島根県,松江市,寺町,松江,6,３ＬＤＫ,75,,,,平成13年,ＳＲＣ,住宅,住宅,,,,商業地域,80.0,400.0,2022年第2四半期,未改装,,7.3222192947339195
32014055,中古マンション等,,32201,島根県,松江市,浜乃木,乃木,5,３ＬＤＫ,80,,,,平成11年,ＳＲＣ,住宅,,,,,第１種住居地域,60.0,200.0,2010年第2四半期,未改装,調停・競売等,6.977723605288848
32012820,中古マンション等,,32201,島根県,松江市,北田町,松江,20,３ＬＤＫ,70,,,,平成8年,ＲＣ,住宅,住宅,,,,第１種住居地域,,,2017年第3四半期,未改装,,7.176091259055681
32012493,中古マンション等,,32201,島根県,松江市,西川津町,松江,26,３ＬＤＫ,60,,,,平成2年,ＲＣ,住宅,住宅,,,,第１種住居地域,60.0,200.0,2014年第3四半期,,,6.778151250383644
32004188,中古マンション等,,32203,島根県,出雲市,塩冶善行町,出雲市,7,３ＬＤＫ,85,,,,平成26年,ＲＣ,,住宅,,,,第２種住居地域,60.0,200.0,2021年第4四半期,未改装,,7.414973347970818
32032544,中古マンション等,,32201,島根県,松江市,浜乃木,乃木,4,３ＬＤＫ,65,,,,平成8年,ＲＣ,住宅,,,,,第１種住居地域,60.0,200.0,2009年第4四半期,未改装,,7.079181246047625
32000814,中古マンション等,,32201,島根県,松江市,古志原,松江,30分?60分,４ＬＤＫ,75,,,,平成16年,ＲＣ,,住宅,,,,第１種住居地域,60.0,200.0,2021年第3四半期,改装済,,7.204119982655925
32035259,中古マンション等,,32201,島根県,松江市,浜乃木,乃木,8,３ＬＤＫ,80,,,,平成15年,ＲＣ,住宅,,,,,準工業地域,60.0,200.0,2008年第2四半期,未改装,,7.361727836017593
32012322,中古マンション等,,32201,島根県,松江市,黒田町,松江しんじ湖温泉,13,３ＬＤＫ,95,,,,平成20年,ＲＣ,住宅,住宅,,,,近隣商業地域,80.0,200.0,2014年第3四半期,未改装,,7.544068044350276
32001733,中古マンション等,,32201,島根県,松江市,西川津町,松江,25,２ＬＤＫ,60,,,,平成2年,ＲＣ,住宅,住宅,,,,第１種中高層住居専用地域,60.0,200.0,2020年第4四半期,改装済,,6.8750612633917
32029010,中古マンション等,,32201,島根県,松江市,学園,松江,29,３ＬＤＫ,60,,,,平成7年,ＲＣ,住宅,,,,,第２種中高層住居専用地域,60.0,200.0,2013年第4四半期,改装済,,7.113943352306837
32023934,中古マンション等,,32201,島根県,松江市,西津田,松江,14,３ＬＤＫ,65,,,,平成9年,ＲＣ,住宅,その他,,,,第２種住居地域,60.0,200.0,2016年第2四半期,改装済,,7.079181246047625
32034690,中古マンション等,,32201,島根県,松江市,春日町,松江,30分?60分,２ＬＤＫ,65,,,,平成18年,ＲＣ,住宅,,,,,第２種中高層住居専用地域,60.0,200.0,2007年第2四半期,未改装,,7.230448921378274
32000445,中古マンション等,,32201,島根県,松江市,学園,松江,30分?60分,２ＬＤＫ,65,,,,平成8年,ＲＣ,,,,,,第２種住居地域,60.0,200.0,2020年第4四半期,改装済,,7.230448921378274
32012492,中古マンション等,,32201,島根県,松江市,西川津町,松江,26,３ＬＤＫ,60,,,,平成2年,ＲＣ,住宅,住宅,,,,第１種住居地域,60.0,200.0,2014年第3四半期,,,6.763427993562937
32035028,中古マンション等,,32201,島根県,松江市,寺町,松江,4,３ＬＤＫ,80,,,,平成13年,ＳＲＣ,住宅,,,,,商業地域,80.0,400.0,2008年第1四半期,未改装,,7.041392685158225
32000462,中古マンション等,,32201,島根県,松江市,学園,松江,29,３ＬＤＫ,65,,,,平成8年,ＲＣ,住宅,住宅,,,,第２種住居地域,60.0,200.0,2018年第1四半期,未改装,,7.146128035678238
32001844,中古マンション等,,32201,島根県,松江市,西津田,松江,13,４ＬＤＫ,85,,,,平成29年,ＲＣ,住宅,住宅,,,,第２種住居地域,60.0,200.0,2022年第3四半期,未改装,,7.4623979978989565
32004316,中古マンション等,,32203,島根県,出雲市,大津朝倉,出雲市,2H?,４ＬＤＫ,85,,,,,,,住宅,,,,第２種住居地域,60.0,200.0,2021年第3四半期,未改装,,7.477121254719663
32001759,中古マンション等,,32201,島根県,松江市,西川津町,松江,30分?60分,４ＬＤＫ,85,,,,平成13年,ＲＣ,住宅,住宅,,,,第１種中高層住居専用地域,60.0,200.0,2019年第2四半期,未改装,,7.2552725051033065
32035261,中古マンション等,,32201,島根県,松江市,浜乃木,乃木,7,３ＬＤＫ,70,,,,平成11年,ＳＲＣ,住宅,,,,,第１種住居地域,60.0,200.0,2007年第3四半期,改装済,,7.113943352306837
32024144,中古マンション等,,32201,島根県,松江市,浜乃木,乃木,5,３ＬＤＫ,65,,,,平成8年,ＲＣ,住宅,,,,,第１種住居地域,60.0,200.0,2012年第3四半期,未改装,,7.342422680822207
32013236,中古マンション等,,32201,島根県,松江市,西津田,松江,13,４ＬＤＫ,75,,,,平成4年,ＲＣ,住宅,住宅,,,,第１種住居地域,60.0,200.0,2017年第2四半期,改装済,,7.204119982655925
32001846,中古マンション等,,32201,島根県,松江市,西津田,松江,14,２ＬＤＫ＋Ｓ,65,,,,平成29年,ＲＣ,住宅,住宅,,,,第２種住居地域,60.0,200.0,2022年第3四半期,改装済,,7.3979400086720375
32029830,中古マンション等,,32201,島根県,松江市,浜乃木,乃木,6,３ＬＤＫ,65,,,,平成11年,ＳＲＣ,住宅,,,,,第１種住居地域,60.0,200.0,2013年第1四半期,改装済,,7.204119982655925
32001866,中古マンション等,,32201,島根県,松江市,西津田,松江,30分?60分,３ＬＤＫ,85,,,,平成25年,ＲＣ,住宅,住宅,,,,第２種中高層住居専用地域,60.0,200.0,2020年第4四半期,未改装,,7.342422680822207
32012853,中古マンション等,,32201,島根県,松江市,黒田町,松江,30分?60分,３ＬＤＫ,65,,,,平成13年,ＲＣ,住宅,住宅,,,,近隣商業地域,80.0,200.0,2017年第1四半期,改装済,,7.176091259055681
32001839,中古マンション等,,32201,島根県,松江市,西津田,松江,20,３ＬＤＫ,75,,,,令和3年,ＲＣ,住宅,住宅,,,,第２種住居地域,60.0,200.0,2022年第4四半期,未改装,,7.491361693834273
32020929,中古マンション等,,32201,島根県,松江市,黒田町,松江しんじ湖温泉,15,２ＬＤＫ,65,,,,平成18年,ＳＲＣ,住宅,住宅,,,,第２種中高層住居専用地域,60.0,200.0,2015年第3四半期,未改装,,7.2552725051033065
32002106,中古マンション等,,32201,島根県,松江市,浜乃木,乃木,6,２ＬＤＫ,65,,,,平成11年,ＳＲＣ,住宅,住宅,,,,第１種住居地域,60.0,200.0,2018年第2四半期,未改装,,7.204119982655925
32032985,中古マンション等,,32203,島根県,出雲市,駅南町,出雲市,3,３ＬＤＫ,65,,,,平成14年,ＲＣ,住宅,,,,,商業地域,80.0,400.0,2009年第3四半期,未改装,,6.977723605288848
32002048,中古マンション等,,32201,島根県,松江市,浜乃木,乃木,8,２ＬＤＫ,70,,,,平成16年,ＲＣ,住宅,住宅,,,,第２種住居地域,60.0,200.0,2023年第1四半期,改装済,,7.301029995663981
32012316,中古マンション等,,32201,島根県,松江市,黒田町,松江,30分?60分,２ＬＤＫ,65,,,,平成13年,ＲＣ,住宅,住宅,,,,近隣商業地域,80.0,200.0,2014年第4四半期,未改装,,7.176091259055681
32023927,中古マンション等,,32201,島根県,松江市,西津田,松江,18,２ＬＤＫ,55,,,,平成4年,ＲＣ,住宅,住宅,,,,第１種住居地域,60.0,200.0,2016年第4四半期,未改装,,5.8750612633917
32029981,中古マンション等,,32201,島根県,松江市,東茶町,松江,19,２ＬＤＫ,55,,,,平成9年,ＲＣ,住宅,,,,,商業地域,80.0,500.0,2013年第1四半期,未改装,,7.176091259055681
32002101,中古マンション等,,32201,島根県,松江市,浜乃木,乃木,4,３ＬＤＫ,70,,,,平成15年,ＲＣ,住宅,住宅,,,,準工業地域,60.0,200.0,2018年第4四半期,未改装,,7.230448921378274
32000550,中古マンション等,,32201,島根県,松江市,春日町,松江,30分?60分,３ＬＤＫ,75,,,,平成21年,ＲＣ,住宅,住宅,,,,第２種中高層住居専用地域,60.0,200.0,2022年第4四半期,未改装,,7.342422680822207
32034724,中古マンション等,,32201,島根県,松江市,北田町,松江,21,３ＬＤＫ,70,,,,平成8年,ＲＣ,住宅,,,,,第１種住居地域,60.0,200.0,2007年第3四半期,改装済,,7.146128035678238
32005880,中古マンション等,,32203,島根県,出雲市,中野美保北,出雲市,28,３ＬＤＫ,80,,,,平成17年,ＲＣ,住宅,住宅,,,,第２種住居地域,60.0,200.0,2022年第4四半期,改装済,,7.2552725051033065
32000553,中古マンション等,,32201,島根県,松江市,春日町,松江,30分?60分,３ＬＤＫ,85,,,,平成17年,ＲＣ,住宅,住宅,,,,第２種住居地域,60.0,200.0,2022年第2四半期,改装済,,7.278753600952829
32013652,中古マンション等,,32201,島根県,松江市,袖師町,松江,21,３ＬＤＫ,70,,,,平成12年,ＳＲＣ,住宅,,,,,商業地域,80.0,400.0,2010年第3四半期,,調停・競売等,7.0
32001698,中古マンション等,,32201,島根県,松江市,西川津町,松江,26,３ＬＤＫ,60,,,,平成2年,ＲＣ,住宅,住宅,,,,第１種住居地域,60.0,200.0,2022年第4四半期,改装済,,6.826074802700826
32001248,中古マンション等,,32201,島根県,松江市,大輪町,松江,25,４ＬＤＫ,90,,,,平成9年,ＲＣ,住宅,住宅,,,,第１種住居地域,60.0,200.0,2020年第1四半期,未改装,,7.278753600952829
32012273,中古マンション等,,32201,島根県,松江市,学園南,松江,16,３ＬＤＫ,90,,,,平成13年,ＳＲＣ,住宅,住宅,,,,第２種住居地域,60.0,200.0,2014年第2四半期,未改装,,7.3222192947339195
32012421,中古マンション等,,32201,島根県,松江市,外中原町,松江,30分?60分,３ＬＤＫ,70,,,,平成14年,ＳＲＣ,住宅,,,,,第１種住居地域,60.0,200.0,2014年第1四半期,未改装,,7.204119982655925
32013029,中古マンション等,,32201,島根県,松江市,大輪町,松江,30分?60分,４ＬＤＫ,85,,,,,ＲＣ,住宅,住宅,,,,第１種住居地域,,,2017年第1四半期,未改装,,7.361727836017593
32013947,中古マンション等,,32201,島根県,松江市,西津田,松江,13,３ＬＤＫ,70,,,,平成4年,ＲＣ,住宅,,,,,第１種住居地域,60.0,200.0,2010年第4四半期,未改装,,6.954242509439325
32035204,中古マンション等,,32201,島根県,松江市,西津田,松江,13,３ＬＤＫ,60,,,,平成6年,ＲＣ,住宅,,,,,第１種住居地域,,,2008年第2四半期,未改装,,6.929418925714293
32015423,中古マンション等,,32203,島根県,出雲市,今市町北本町,,,３ＬＤＫ,70,,,,平成21年,ＲＣ,住宅,,,,,,,,2010年第2四半期,未改装,,7.278753600952829
32013324,中古マンション等,,32201,島根県,松江市,春日町,松江,30分?60分,３ＬＤＫ,70,,,,平成21年,ＲＣ,住宅,,,,,第２種中高層住居専用地域,60.0,200.0,2010年第2四半期,未改装,,7.278753600952829
32024108,中古マンション等,,32201,島根県,松江市,東朝日町,松江,13,３ＬＤＫ,75,,,,平成15年,ＲＣ,住宅,住宅,,,,準工業地域,60.0,200.0,2016年第2四半期,未改装,,7.2552725051033065
32000618,中古マンション等,,32201,島根県,松江市,北田町,松江,20,３ＬＤＫ,80,,,,平成29年,ＲＣ,住宅,住宅,,,,第２種中高層住居専用地域,60.0,200.0,2021年第1四半期,未改装,,7.414973347970818
32029202,中古マンション等,,32201,島根県,松江市,北田町,松江,23,３ＬＤＫ,70,,,,平成8年,ＲＣ,住宅,,,,,第１種住居地域,60.0,200.0,2013年第2四半期,改装済,,7.146128035678238
32013028,中古マンション等,,32201,島根県,松江市,大輪町,松江,26,３ＬＤＫ,70,,,,平成19年,ＲＣ,住宅,住宅,,,,第１種住居地域,60.0,200.0,2017年第4四半期,未改装,,7.278753600952829
32014401,中古マンション等,,32203,島根県,出雲市,今市町北本町,出雲市,12,３ＬＤＫ,70,,,,平成21年,ＲＣ,住宅,住宅,,,,商業地域,80.0,400.0,2017年第3四半期,未改装,,7.380211241711606
32001210,中古マンション等,,32201,島根県,松江市,砂子町,松江しんじ湖温泉,9,３ＬＤＫ,75,,,,平成12年,ＲＣ,,住宅,,,,近隣商業地域,80.0,200.0,2021年第1四半期,未改装,,7.230448921378274
32034980,中古マンション等,,32201,島根県,松江市,大輪町,,,４ＬＤＫ,80,,,,平成9年,ＲＣ,住宅,,,,,,,,2008年第4四半期,改装済,,7.176091259055681
32013322,中古マンション等,,32201,島根県,松江市,春日町,松江,30分?60分,３ＬＤＫ,80,,,,平成21年,ＲＣ,住宅,,,,,第２種中高層住居専用地域,60.0,200.0,2010年第2四半期,未改装,,7.3222192947339195
32013352,中古マンション等,,32201,島根県,松江市,東朝日町,松江,10,３ＬＤＫ,70,,,,平成15年,ＲＣ,住宅,住宅,,,,準工業地域,60.0,200.0,2017年第1四半期,未改装,,7.301029995663981
32000461,中古マンション等,,32201,島根県,松江市,学園,松江,23,３ＬＤＫ,70,,,,平成14年,ＳＲＣ,,住宅,,,,第２種住居地域,60.0,200.0,2018年第2四半期,未改装,,7.230448921378274
32012514,中古マンション等,,32201,島根県,松江市,西津田,松江,12,３ＬＤＫ,65,,,,平成4年,ＲＣ,住宅,住宅,,,,第１種住居地域,60.0,200.0,2014年第3四半期,改装済,,7.041392685158225
32023585,中古マンション等,,32201,島根県,松江市,袖師町,松江,23,３ＬＤＫ,60,,,,平成12年,ＳＲＣ,住宅,住宅,,,,商業地域,80.0,400.0,2016年第4四半期,未改装,,7.113943352306837
32021393,中古マンション等,,32201,島根県,松江市,西津田,松江,14,４ＬＤＫ,80,,,,平成6年,ＲＣ,住宅,住宅,,,,第１種住居地域,60.0,200.0,2015年第3四半期,未改装,,7.113943352306837
32000628,中古マンション等,,32201,島根県,松江市,北田町,松江,23,１ＬＤＫ,50,,,,昭和64年,ＳＲＣ,住宅,住宅,,,,近隣商業地域,80.0,200.0,2019年第2四半期,改装済,,6.778151250383644
32029742,中古マンション等,,32201,島根県,松江市,西津田,松江,15,４ＬＤＫ,75,,,,平成9年,ＲＣ,住宅,,,,,第２種住居地域,60.0,200.0,2013年第1四半期,未改装,,7.146128035678238
32032516,中古マンション等,,32201,島根県,松江市,西津田,松江,11,３ＬＤＫ,65,,,,平成6年,ＲＣ,住宅,,,,,第１種住居地域,60.0,200.0,2009年第2四半期,未改装,,6.977723605288848
32000459,中古マンション等,,32201,島根県,松江市,学園,松江,30分?60分,３ＬＤＫ,70,,,,平成16年,ＳＲＣ,住宅,住宅,,,,第２種住居地域,60.0,200.0,2018年第2四半期,未改装,,7.2552725051033065
32000030,中古マンション等,,32201,島根県,松江市,上乃木,乃木,28,３ＬＤＫ,75,,,,平成27年,ＲＣ,住宅,住宅,,,,第１種中高層住居専用地域,60.0,200.0,2020年第3四半期,,,7.3979400086720375
32015841,中古マンション等,,32201,島根県,松江市,学園南,,,３ＬＤＫ,75,,,,平成12年,ＳＲＣ,住宅,,,,,,,,2011年第1四半期,未改装,,7.342422680822207
32004189,中古マンション等,,32203,島根県,出雲市,塩冶善行町,出雲市,7,３ＬＤＫ,65,,,,,ＲＣ,,住宅,,,,第２種住居地域,60.0,200.0,2020年第3四半期,未改装,,7.3222192947339195
32013421,中古マンション等,,32203,島根県,出雲市,今市町,出雲市,5,３ＬＤＫ,85,,,,平成19年,ＲＣ,住宅,住宅,,,,商業地域,80.0,400.0,2014年第3四半期,未改装,,7.380211241711606
32034685,中古マンション等,,32201,島根県,松江市,春日町,松江,30分?60分,３ＬＤＫ,95,,,,平成17年,ＲＣ,住宅,,,,,第２種住居地域,60.0,200.0,2008年第3四半期,改装済,,7.3222192947339195
32013951,中古マンション等,,32201,島根県,松江市,西津田,松江,13,３ＬＤＫ,65,,,,平成4年,ＲＣ,住宅,,,,,第１種住居地域,60.0,200.0,2010年第2四半期,未改装,調停・競売等,6.748188027006201
32002121,中古マンション等,,32201,島根県,松江市,東朝日町,松江,5,３ＬＤＫ,65,,,,平成14年,ＳＲＣ,住宅,住宅,,,,商業地域,80.0,400.0,2023年第1四半期,未改装,,7.176091259055681
32016031,中古マンション等,,32201,島根県,松江市,黒田町,松江,15,３ＬＤＫ,70,,,,平成13年,ＲＣ,住宅,,,,,近隣商業地域,80.0,200.0,2011年第1四半期,改装済,,7.146128035678238
32013873,中古マンション等,,32201,島根県,松江市,西川津町,松江,26,３ＬＤＫ,60,,,,平成3年,ＲＣ,住宅,,,,,第１種住居地域,60.0,200.0,2010年第2四半期,未改装,,6.748188027006201
32021519,中古マンション等,,32201,島根県,松江市,東朝日町,松江,13,３ＬＤＫ,75,,,,平成15年,ＲＣ,住宅,住宅,,,,準工業地域,60.0,200.0,2015年第4四半期,未改装,,7.278753600952829
32032570,中古マンション等,,32201,島根県,松江市,東朝日町,松江,13,３ＬＤＫ,65,,,,平成14年,ＲＣ,住宅,,,,,第２種住居地域,60.0,200.0,2009年第3四半期,未改装,調停・競売等,7.113943352306837
32024411,中古マンション等,,32201,島根県,松江市,東津田町,松江,30分?60分,３ＬＤＫ,75,,,,平成19年,ＲＣ,住宅,,,,,第１種住居地域,60.0,200.0,2012年第1四半期,未改装,,7.361727836017593
32016547,中古マンション等,,32203,島根県,出雲市,中野美保北,出雲市,29,３ＬＤＫ,75,,,,平成17年,ＲＣ,住宅,,,,,第２種住居地域,60.0,200.0,2010年第1四半期,未改装,,7.204119982655925
32013321,中古マンション等,,32201,島根県,松江市,春日町,松江,30分?60分,３ＬＤＫ,70,,,,平成21年,ＲＣ,住宅,,,,,第２種中高層住居専用地域,60.0,200.0,2010年第2四半期,未改装,,7.278753600952829
32000556,中古マンション等,,32201,島根県,松江市,春日町,松江,30分?60分,３ＬＤＫ,70,,,,平成21年,ＲＣ,住宅,住宅,,,,第２種中高層住居専用地域,60.0,200.0,2021年第4四半期,未改装,,7.301029995663981
32013235,中古マンション等,,32201,島根県,松江市,西津田,松江,29,４ＬＤＫ,85,,,,平成25年,ＲＣ,住宅,住宅,,,,第２種中高層住居専用地域,60.0,200.0,2017年第2四半期,未改装,,7.301029995663981
32021170,中古マンション等,,32201,島根県,松江市,大輪町,松江,28,３ＬＤＫ,65,,,,平成9年,ＲＣ,住宅,住宅,,,,第１種住居地域,60.0,200.0,2015年第1四半期,改装済,,7.079181246047625
32013314,中古マンション等,,32201,島根県,松江市,春日町,松江,30分?60分,３ＬＤＫ,70,,,,平成21年,ＲＣ,住宅,,,,,第２種中高層住居専用地域,60.0,200.0,2010年第3四半期,未改装,,7.2552725051033065
32000865,中古マンション等,,32201,島根県,松江市,古志原,松江,30分?60分,３ＬＤＫ,65,,,,平成16年,ＲＣ,住宅,住宅,,,,第１種住居地域,60.0,200.0,2018年第3四半期,未改装,,7.176091259055681
32000453,中古マンション等,,32201,島根県,松江市,学園,松江,30分?60分,３ＬＤＫ,65,,,,平成8年,ＲＣ,住宅,,,,,第２種住居地域,60.0,200.0,2019年第4四半期,未改装,関係者間取引,6.903089986991944
32021331,中古マンション等,,32201,島根県,松江市,西川津町,松江,30分?60分,３ＬＤＫ,70,,,,平成13年,ＲＣ,住宅,住宅,,,,第１種中高層住居専用地域,60.0,200.0,2015年第3四半期,改装済,,7.230448921378274
32013323,中古マンション等,,32201,島根県,松江市,春日町,松江,30分?60分,３ＬＤＫ,70,,,,平成21年,ＲＣ,住宅,,,,,第２種中高層住居専用地域,60.0,200.0,2010年第2四半期,未改装,,7.2552725051033065
32016624,中古マンション等,,32201,島根県,松江市,西川津町,松江,30分?60分,３ＬＤＫ,75,,,,平成13年,ＲＣ,住宅,,,,,第１種中高層住居専用地域,60.0,200.0,2011年第4四半期,未改装,,7.278753600952829
32013450,中古マンション等,,32203,島根県,出雲市,駅南町,出雲市,3,４ＬＤＫ,75,,,,平成14年,ＲＣ,住宅,住宅,,,,商業地域,80.0,400.0,2014年第3四半期,改装済,,7.176091259055681
32002074,中古マンション等,,32201,島根県,松江市,浜乃木,乃木,4,３ＬＤＫ,70,,,,平成15年,ＲＣ,住宅,住宅,,,,準工業地域,60.0,200.0,2021年第3四半期,未改装,,7.230448921378274
32001575,中古マンション等,,32201,島根県,松江市,寺町,松江,6,４ＬＤＫ,75,,,,平成13年,ＳＲＣ,住宅,住宅,,,,商業地域,80.0,400.0,2021年第4四半期,,,7.3222192947339195
32001838,中古マンション等,,32201,島根県,松江市,西津田,松江,15,３ＬＤＫ,65,,,,平成6年,ＲＣ,住宅,住宅,,,,第１種住居地域,60.0,200.0,2022年第4四半期,,,7.3222192947339195
32012270,中古マンション等,,32201,島根県,松江市,学園南,松江,19,３ＬＤＫ,70,,,,平成20年,ＲＣ,住宅,住宅,,,,第２種住居地域,60.0,200.0,2014年第4四半期,改装済,,7.3222192947339195
32022492,中古マンション等,,32203,島根県,出雲市,今市町,出雲市,4,３ＬＤＫ,70,,,,平成19年,ＲＣ,住宅,住宅,,,,商業地域,80.0,400.0,2015年第4四半期,改装済,,7.204119982655925
32029016,中古マンション等,,32201,島根県,松江市,学園,松江,30分?60分,３ＬＤＫ,65,,,,平成7年,ＲＣ,住宅,,,,,第２種住居地域,60.0,200.0,2013年第2四半期,未改装,,7.113943352306837
32021410,中古マンション等,,32201,島根県,松江市,西津田,松江,12,３ＬＤＫ,60,,,,平成4年,ＲＣ,住宅,住宅,,,,第１種住居地域,60.0,200.0,2015年第1四半期,未改装,,6.977723605288848
32000566,中古マンション等,,32201,島根県,松江市,春日町,松江,30分?60分,３ＬＤＫ,85,,,,平成21年,ＲＣ,住宅,住宅,,,,第２種中高層住居専用地域,60.0,200.0,2020年第1四半期,改装済,,7.301029995663981
32000446,中古マンション等,,32201,島根県,松江市,学園,松江,28,３ＬＤＫ,65,,,,平成7年,ＲＣ,住宅,住宅,,,,第２種中高層住居専用地域,60.0,200.0,2020年第4四半期,改装済,,7.278753600952829
32023191,中古マンション等,,32201,島根県,松江市,北田町,松江,21,３ＬＤＫ,70,,,,平成8年,ＲＣ,住宅,住宅,,,,第１種住居地域,60.0,200.0,2016年第3四半期,未改装,,6.977723605288848
32001238,中古マンション等,,32201,島根県,松江市,外中原町,松江しんじ湖温泉,6,４ＬＤＫ,85,,,,平成14年,ＲＣ,住宅,住宅,,,,第１種住居地域,60.0,200.0,2021年第2四半期,未改装,,7.301029995663981
32017221,中古マンション等,,32201,島根県,松江市,東茶町,松江,20,３ＬＤＫ,70,,,,平成9年,ＲＣ,住宅,,,,,商業地域,80.0,500.0,2011年第2四半期,未改装,,6.698970004336019
32017277,中古マンション等,,32201,島根県,松江市,東津田町,松江,30分?60分,２ＬＤＫ＋Ｓ,65,,,,平成12年,ＳＲＣ,住宅,,,,,第１種住居地域,60.0,200.0,2011年第2四半期,未改装,,7.146128035678238
32000437,中古マンション等,,32201,島根県,松江市,学園,松江,30分?60分,３ＬＤＫ,65,,,,平成16年,ＳＲＣ,住宅,住宅,,,,第２種住居地域,60.0,200.0,2022年第4四半期,未改装,,7.230448921378274
32032275,中古マンション等,,32201,島根県,松江市,学園,松江,30分?60分,３ＬＤＫ,75,,,,平成16年,ＳＲＣ,住宅,,,,,第２種中高層住居専用地域,60.0,200.0,2009年第3四半期,未改装,調停・競売等,7.146128035678238
32013320,中古マンション等,,32201,島根県,松江市,春日町,松江,30分?60分,４ＬＤＫ,90,,,,平成21年,ＲＣ,住宅,,,,,第２種中高層住居専用地域,60.0,200.0,2010年第2四半期,未改装,,7.380211241711606
32035162,中古マンション等,,32201,島根県,松江市,西川津町,松江,,３ＬＤＫ,65,,,,平成13年,ＲＣ,住宅,,,,,第１種中高層住居専用地域,60.0,200.0,2008年第2四半期,未改装,,7.146128035678238
32016638,中古マンション等,,32201,島根県,松江市,西川津町,松江,30分?60分,３ＬＤＫ,65,,,,平成13年,ＲＣ,住宅,,,,,第１種中高層住居専用地域,60.0,200.0,2011年第3四半期,改装済,,7.176091259055681
32013863,中古マンション等,,32201,島根県,松江市,西川津町,松江,24,３ＬＤＫ,60,,,,平成2年,ＲＣ,住宅,,,,,第１種住居地域,60.0,200.0,2010年第4四半期,改装済,,6.6020599913279625
32004614,中古マンション等,,32203,島根県,出雲市,小山町,出雲市,30分?60分,３ＬＤＫ,70,,,,平成14年,ＳＲＣ,住宅,住宅,,,,第１種住居地域,60.0,200.0,2020年第1四半期,未改装,,7.278753600952829
32001760,中古マンション等,,32201,島根県,松江市,西川津町,松江,26,３ＬＤＫ,60,,,,,,,住宅,,,,第１種住居地域,60.0,200.0,2019年第2四半期,未改装,,6.7923916894982534
32004647,中古マンション等,,32203,島根県,出雲市,上塩冶町,出雲市,14,４ＬＤＫ,75,,,,令和3年,ＲＣ,,住宅,,,,第１種住居地域,60.0,200.0,2023年第1四半期,未改装,,7.4623979978989565
32001246,中古マンション等,,32201,島根県,松江市,大輪町,松江,28,４ＬＤＫ,90,,,,平成9年,ＲＣ,住宅,住宅,,,,第１種住居地域,60.0,200.0,2023年第1四半期,未改装,,7.278753600952829
32012805,中古マンション等,,32201,島根県,松江市,春日町,松江,30分?60分,３ＬＤＫ,75,,,,平成21年,ＲＣ,,住宅,,,,第２種中高層住居専用地域,,,2017年第4四半期,未改装,,7.278753600952829
32035277,中古マンション等,,32201,島根県,松江市,東朝日町,松江,16,３ＬＤＫ,70,,,,平成14年,ＲＣ,住宅,,,,,第２種住居地域,60.0,200.0,2008年第3四半期,未改装,,7.301029995663981
32001855,中古マンション等,,32201,島根県,松江市,西津田,松江,14,３ＬＤＫ,65,,,,平成4年,ＲＣ,住宅,住宅,,,,第１種住居地域,60.0,200.0,2021年第4四半期,未改装,,7.0
32034540,中古マンション等,,32201,島根県,松江市,上乃木,乃木,16,３ＬＤＫ,65,,,,平成13年,ＲＣ,住宅,,,,,第２種中高層住居専用地域,60.0,200.0,2007年第3四半期,改装済,,7.146128035678238
32012709,中古マンション等,,32201,島根県,松江市,内中原町,松江しんじ湖温泉,11,３ＬＤＫ,95,,,,平成18年,,,住宅,,,,第１種中高層住居専用地域,60.0,200.0,2017年第3四半期,未改装,,7.361727836017593
32013247,中古マンション等,,32201,島根県,松江市,学園,松江,30分?60分,３ＬＤＫ,75,,,,平成16年,ＳＲＣ,住宅,,,,,第２種住居地域,60.0,200.0,2010年第1四半期,未改装,,7.204119982655925
32034632,中古マンション等,,32201,島根県,松江市,学園南,,,３ＬＤＫ,70,,,,平成5年,ＲＣ,住宅,,,,,,,,2008年第4四半期,改装済,,6.968482948553935
32001837,中古マンション等,,32201,島根県,松江市,西津田,松江,15,３ＬＤＫ,75,,,,平成9年,ＲＣ,住宅,住宅,,,,第２種住居地域,60.0,200.0,2022年第4四半期,,,7.113943352306837
32004104,中古マンション等,,32203,島根県,出雲市,今市町北本町,出雲市,11,２ＬＤＫ,65,,,,平成21年,ＲＣ,,住宅,,,,商業地域,80.0,400.0,2022年第4四半期,未改装,,7.230448921378274
32004114,中古マンション等,,32203,島根県,出雲市,今市町北本町,出雲市,16,２ＬＤＫ,60,,,,平成29年,ＲＣ,住宅,,,,,第２種住居地域,60.0,200.0,2018年第3四半期,未改装,,7.3979400086720375
32000443,中古マンション等,,32201,島根県,松江市,学園,松江,30分?60分,３ＬＤＫ,65,,,,平成8年,ＲＣ,住宅,住宅,,,,第２種住居地域,60.0,200.0,2021年第1四半期,,,7.204119982655925
32021351,中古マンション等,,32201,島根県,松江市,西川津町,松江,28,３ＬＤＫ,60,,,,平成3年,ＲＣ,住宅,住宅,,,,第１種住居地域,60.0,200.0,2015年第1四半期,改装済,,6.812913356642856
32001834,中古マンション等,,32201,島根県,松江市,西津田,松江,13,３ＬＤＫ,70,,,,平成4年,ＲＣ,住宅,住宅,,,,第１種住居地域,60.0,200.0,2023年第1四半期,改装済,,7.2552725051033065
32023027,中古マンション等,,32201,島根県,松江市,学園,松江,30分?60分,３ＬＤＫ,70,,,,平成8年,ＲＣ,住宅,住宅,,,,第２種住居地域,60.0,200.0,2016年第3四半期,未改装,調停・競売等,7.113943352306837
32002122,中古マンション等,,32201,島根県,松江市,東朝日町,松江,10,３ＬＤＫ,70,,,,平成15年,ＲＣ,住宅,住宅,,,,準工業地域,60.0,200.0,2022年第4四半期,未改装,,7.3222192947339195
32014498,中古マンション等,,32203,島根県,出雲市,中野美保北,出雲市,27,４ＬＤＫ,80,,,,平成17年,ＲＣ,住宅,住宅,,,,第２種住居地域,60.0,200.0,2014年第4四半期,未改装,,7.2552725051033065
32017223,中古マンション等,,32201,島根県,松江市,東茶町,松江,20,２ＬＤＫ,80,,,,平成9年,ＲＣ,住宅,,,,,商業地域,80.0,500.0,2011年第1四半期,未改装,,7.278753600952829
32029162,中古マンション等,,32201,島根県,松江市,春日町,松江,30分?60分,４ＬＤＫ,90,,,,平成17年,ＲＣ,住宅,,,,,第２種中高層住居専用地域,60.0,200.0,2013年第1四半期,未改装,,7.2552725051033065
32016032,中古マンション等,,32201,島根県,松江市,黒田町,松江,30分?60分,３ＬＤＫ,70,,,,平成13年,ＲＣ,住宅,,,,,近隣商業地域,80.0,200.0,2011年第1四半期,未改装,,7.230448921378274
32025275,中古マンション等,,32203,島根県,出雲市,今市町北本町,出雲市,11,４ＬＤＫ,80,,,,平成21年,ＲＣ,住宅,住宅,,,,商業地域,80.0,400.0,2016年第1四半期,未改装,,7.3222192947339195
32000447,中古マンション等,,32201,島根県,松江市,学園,松江,28,３ＬＤＫ,70,,,,平成7年,ＲＣ,住宅,住宅,,,,第２種中高層住居専用地域,60.0,200.0,2020年第4四半期,未改装,,7.176091259055681
32020768,中古マンション等,,32201,島根県,松江市,学園,松江,29,３ＬＤＫ,70,,,,平成7年,ＲＣ,住宅,住宅,,,,第２種中高層住居専用地域,60.0,200.0,2015年第3四半期,未改装,,7.146128035678238
32013654,中古マンション等,,32201,島根県,松江市,袖師町,,,３ＬＤＫ,70,,,,平成12年,ＳＲＣ,住宅,,,,,商業地域,80.0,400.0,2010年第2四半期,未改装,,7.079181246047625
32024145,中古マンション等,,32201,島根県,松江市,浜乃木,乃木,6,３ＬＤＫ,75,,,,平成15年,ＲＣ,住宅,,,,,第２種住居地域,60.0,200.0,2012年第2四半期,未改装,,7.0
32000042,中古マンション等,,32201,島根県,松江市,上乃木,乃木,11,３ＬＤＫ,85,,,,平成18年,ＲＣ,住宅,住宅,,,,第２種住居地域,60.0,200.0,2018年第4四半期,改装済,,7.3979400086720375
32021640,中古マンション等,,32201,島根県,松江市,東津田町,松江,30分?60分,３ＬＤＫ,70,,,,平成12年,ＳＲＣ,住宅,住宅,,,,第１種住居地域,60.0,200.0,2015年第2四半期,改装済,,7.230448921378274
32001897,中古マンション等,,32201,島根県,松江市,西津田,松江,21,３ＬＤＫ,65,,,,平成15年,,住宅,住宅,,,,準工業地域,60.0,200.0,2018年第1四半期,未改装,,7.204119982655925
32001216,中古マンション等,,32201,島根県,松江市,袖師町,松江,21,４ＬＤＫ,70,,,,平成12年,ＳＲＣ,住宅,住宅,,,,商業地域,80.0,400.0,2020年第3四半期,未改装,,7.079181246047625
32012567,中古マンション等,,32201,島根県,松江市,浜乃木,乃木,6,４ＬＤＫ,80,,,,平成11年,ＳＲＣ,住宅,住宅,,,,第１種住居地域,60.0,200.0,2014年第3四半期,未改装,,7.230448921378274
32023994,中古マンション等,,32201,島根県,松江市,西川津町,松江,24,３ＬＤＫ,60,,,,平成2年,ＲＣ,住宅,,,,,第１種住居地域,60.0,200.0,2012年第3四半期,未改装,,6.681241237375588
32034751,中古マンション等,,32201,島根県,松江市,黒田町,松江,30分?60分,３ＬＤＫ,75,,,,戦前,ＲＣ,住宅,,,,,第２種住居地域,60.0,200.0,2008年第1四半期,未改装,,7.2552725051033065
32021173,中古マンション等,,32201,島根県,松江市,大輪町,松江,26,３ＬＤＫ,75,,,,平成19年,ＲＣ,住宅,住宅,,,,第１種住居地域,60.0,200.0,2015年第1四半期,未改装,,7.3979400086720375
32032312,中古マンション等,,32201,島根県,松江市,春日町,松江,30分?60分,３ＬＤＫ,70,,,,平成21年,ＲＣ,住宅,,,,,第２種中高層住居専用地域,60.0,200.0,2009年第3四半期,未改装,,7.301029995663981
32012515,中古マンション等,,32201,島根県,松江市,西津田,松江,13,３ＬＤＫ,65,,,,平成6年,ＲＣ,住宅,住宅,,,,第１種住居地域,60.0,200.0,2014年第3四半期,未改装,,7.041392685158225
32032559,中古マンション等,,32201,島根県,松江市,浜乃木,松江,8,２ＬＤＫ,70,,,,平成15年,ＲＣ,住宅,,,,,準工業地域,60.0,200.0,2009年第3四半期,未改装,,7.204119982655925
32001241,中古マンション等,,32201,島根県,松江市,大正町,松江,4,４ＬＤＫ,100,,,,平成17年,ＳＲＣ,住宅,住宅,,,,商業地域,80.0,400.0,2021年第3四半期,未改装,,7.491361693834273
32016909,中古マンション等,,32201,島根県,松江市,東朝日町,松江,12,３ＬＤＫ,70,,,,平成15年,ＲＣ,住宅,,,,,準工業地域,60.0,200.0,2011年第2四半期,改装済,,7.2552725051033065
32000435,中古マンション等,,32201,島根県,松江市,学園,松江,25,３ＬＤＫ,70,,,,平成14年,,住宅,住宅,,,,第２種住居地域,60.0,200.0,2023年第1四半期,未改装,,7.204119982655925
32023911,中古マンション等,,32201,島根県,松江市,西川津町,松江,30分?60分,３ＬＤＫ,70,,,,平成13年,ＲＣ,住宅,住宅,,,,第１種中高層住居専用地域,60.0,200.0,2016年第1四半期,未改装,,7.113943352306837
32001249,中古マンション等,,32201,島根県,松江市,大輪町,松江,30分?60分,３ＬＤＫ,65,,,,平成9年,ＳＲＣ,住宅,住宅,,,,第１種住居地域,60.0,200.0,2018年第3四半期,未改装,,7.146128035678238
32020760,中古マンション等,,32201,島根県,松江市,奥谷町,松江,30分?60分,３ＬＤＫ,60,,,,平成3年,ＲＣ,住宅,住宅,,,,第１種中高層住居専用地域,60.0,200.0,2015年第2四半期,改装済,,7.041392685158225
32000558,中古マンション等,,32201,島根県,松江市,春日町,松江,30分?60分,３ＬＤＫ,85,,,,平成21年,ＲＣ,住宅,住宅,,,,第２種中高層住居専用地域,60.0,200.0,2021年第2四半期,未改装,,7.361727836017593
32035026,中古マンション等,,32201,島根県,松江市,千鳥町,松江しんじ湖温泉,3,３ＬＤＫ,65,,,,平成7年,ＲＣ,住宅,,,,,商業地域,80.0,400.0,2008年第1四半期,未改装,,7.146128035678238
32000712,中古マンション等,,32201,島根県,松江市,黒田町,松江,30分?60分,４ＬＤＫ,95,,,,,ＲＣ,,住宅,,,,第２種住居地域,60.0,200.0,2020年第2四半期,改装済,,7.447158031342219
32000569,中古マンション等,,32201,島根県,松江市,春日町,松江,30分?60分,４ＬＤＫ,85,,,,平成21年,ＲＣ,,住宅,,,,第２種中高層住居専用地域,60.0,200.0,2019年第1四半期,未改装,,7.380211241711606
32020856,中古マンション等,,32201,島根県,松江市,春日町,松江,30分?60分,２ＬＤＫ,65,,,,平成18年,ＲＣ,住宅,,,,,第２種中高層住居専用地域,60.0,200.0,2015年第1四半期,未改装,,7.041392685158225
32000627,中古マンション等,,32201,島根県,松江市,北田町,松江,21,３ＬＤＫ,75,,,,平成8年,ＲＣ,住宅,住宅,,,,第１種住居地域,60.0,200.0,2019年第2四半期,未改装,,7.230448921378274
32013308,中古マンション等,,32201,島根県,松江市,浜乃木,乃木,4,４ＬＤＫ,85,,,,平成15年,ＲＣ,住宅,住宅,,,,準工業地域,60.0,200.0,2017年第2四半期,未改装,,7.3222192947339195
32029151,中古マンション等,,32201,島根県,松江市,春日町,松江,30分?60分,３ＬＤＫ,70,,,,平成21年,ＲＣ,住宅,,,,,第２種中高層住居専用地域,60.0,300.0,2013年第4四半期,未改装,,7.2552725051033065
32029030,中古マンション等,,32201,島根県,松江市,学園南,松江,15,オープンフロア,60,,,,平成12年,ＳＲＣ,事務所,,,,,第２種中高層住居専用地域,60.0,200.0,2013年第1四半期,未改装,,7.0
32029848,中古マンション等,,32201,島根県,松江市,東朝日町,松江,10,,75,,,,平成15年,ＲＣ,住宅,,,,,準工業地域,60.0,200.0,2013年第4四半期,,,7.2552725051033065
32001877,中古マンション等,,32201,島根県,松江市,西津田,松江,13,３ＬＤＫ,65,,,,平成4年,ＲＣ,住宅,住宅,,,,第１種住居地域,60.0,200.0,2019年第3四半期,未改装,,6.977723605288848
32013437,中古マンション等,,32201,島根県,松江市,黒田町,松江しんじ湖温泉,13,３ＬＤＫ,80,,,,平成20年,ＲＣ,住宅,,,,,近隣商業地域,80.0,200.0,2010年第4四半期,未改装,,7.301029995663981
32000737,中古マンション等,,32201,島根県,松江市,黒田町,松江しんじ湖温泉,16,４ＬＤＫ,85,,,,平成11年,ＲＣ,住宅,住宅,,,,第２種中高層住居専用地域,60.0,200.0,2022年第4四半期,改装済,,7.146128035678238
32024067,中古マンション等,,32201,島根県,松江市,西津田,松江,13,４ＬＤＫ,80,,,,平成6年,ＲＣ,住宅,,,,,第１種住居地域,60.0,200.0,2012年第1四半期,未改装,,7.0
32002078,中古マンション等,,32201,島根県,松江市,浜乃木,乃木,5,４ＬＤＫ,95,,,,平成8年,ＲＣ,住宅,住宅,,,,第１種住居地域,60.0,200.0,2021年第1四半期,未改装,,7.301029995663981
32012685,中古マンション等,,32201,島根県,松江市,東茶町,松江しんじ湖温泉,9,３ＬＤＫ,75,,,,平成9年,ＲＣ,住宅,住宅,,,,商業地域,80.0,500.0,2014年第4四半期,改装済,,7.230448921378274
32000452,中古マンション等,,32201,島根県,松江市,学園,松江,26,４ＬＤＫ,80,,,,平成7年,ＲＣ,住宅,住宅,,,,第２種住居地域,60.0,200.0,2020年第1四半期,未改装,,7.113943352306837
32000579,中古マンション等,,32201,島根県,松江市,春日町,松江しんじ湖温泉,30分?60分,３ＬＤＫ,75,,,,平成18年,ＲＣ,,住宅,,,,第２種中高層住居専用地域,60.0,200.0,2018年第3四半期,未改装,,7.2552725051033065
32000019,中古マンション等,,32201,島根県,松江市,上乃木,乃木,16,３ＬＤＫ,75,,,,令和2年,ＲＣ,住宅,住宅,,,,第２種住居地域,60.0,200.0,2022年第2四半期,未改装,,7.414973347970818
32013139,中古マンション等,,32201,島根県,松江市,上乃木,松江,30分?60分,４ＬＤＫ,85,,,,平成18年,ＲＣ,住宅,,,,,第２種住居地域,60.0,200.0,2010年第3四半期,未改装,,7.3222192947339195
32032276,中古マンション等,,32201,島根県,松江市,学園,松江,29,３ＬＤＫ,70,,,,平成7年,ＲＣ,住宅,,,,,第２種中高層住居専用地域,60.0,200.0,2009年第3四半期,未改装,調停・競売等,6.8750612633917
32001704,中古マンション等,,32201,島根県,松江市,西川津町,松江,23,２ＬＤＫ,60,,,,平成2年,ＲＣ,,住宅,,,,第１種住居地域,60.0,200.0,2022年第2四半期,未改装,,6.832508912706237
32023805,中古マンション等,,32201,島根県,松江市,大輪町,松江,28,３ＬＤＫ,65,,,,平成9年,ＲＣ,住宅,,,,,第１種住居地域,60.0,200.0,2012年第1四半期,未改装,,7.146128035678238
32035178,中古マンション等,,32201,島根県,松江市,西川津町,松江,30分?60分,３ＬＤＫ,75,,,,平成13年,ＲＣ,住宅,,,,,第１種中高層住居専用地域,60.0,200.0,2007年第2四半期,改装済,,7.230448921378274
32012498,中古マンション等,,32201,島根県,松江市,西川津町,松江,30分?60分,３ＬＤＫ,75,,,,平成13年,ＲＣ,住宅,住宅,,,,第１種中高層住居専用地域,60.0,200.0,2014年第2四半期,改装済,,7.176091259055681
32016642,中古マンション等,,32201,島根県,松江市,西川津町,松江,23,３ＬＤＫ,60,,,,平成3年,ＲＣ,住宅,,,,,第１種住居地域,60.0,200.0,2011年第3四半期,未改装,,6.812913356642856
32001583,中古マンション等,,32201,島根県,松江市,寺町,松江,5,４ＬＤＫ,80,,,,平成13年,ＳＲＣ,住宅,住宅,,,,第２種住居地域,80.0,400.0,2020年第1四半期,,,7.342422680822207
32034622,中古マンション等,,32201,島根県,松江市,学園,松江,29,３ＬＤＫ,70,,,,平成7年,ＲＣ,住宅,,,,,第２種中高層住居専用地域,60.0,200.0,2008年第2四半期,改装済,,7.146128035678238
32001608,中古マンション等,,32201,島根県,松江市,殿町,松江,23,４ＬＤＫ,100,,,,平成19年,ＳＲＣ,住宅,住宅,,,,商業地域,80.0,500.0,2020年第1四半期,未改装,,7.447158031342219
32032501,中古マンション等,,32201,島根県,松江市,西川津町,松江,24,３ＬＤＫ,65,,,,平成12年,ＲＣ,住宅,,,,,第１種住居地域,60.0,200.0,2009年第3四半期,未改装,,7.041392685158225
32012288,中古マンション等,,32201,島根県,松江市,春日町,松江しんじ湖温泉,30分?60分,３ＬＤＫ,75,,,,平成18年,ＲＣ,住宅,,,,,第２種中高層住居専用地域,60.0,200.0,2014年第3四半期,未改装,,7.204119982655925
32001203,中古マンション等,,32201,島根県,松江市,砂子町,松江,30分?60分,３ＬＤＫ,90,,,,平成31年,ＲＣ,住宅,住宅,,,,第２種中高層住居専用地域,60.0,200.0,2021年第4四半期,未改装,,7.505149978319906
32023876,中古マンション等,,32201,島根県,松江市,寺町,松江,6,３ＬＤＫ,65,,,,平成13年,ＳＲＣ,住宅,,,,,商業地域,80.0,400.0,2012年第4四半期,未改装,,7.204119982655925
32000622,中古マンション等,,32201,島根県,松江市,北田町,松江,20,３ＬＤＫ,70,,,,平成8年,ＲＣ,住宅,住宅,,,,第１種住居地域,60.0,200.0,2020年第2四半期,未改装,,7.146128035678238
32013246,中古マンション等,,32201,島根県,松江市,学園,松江,28,３ＬＤＫ,70,,,,平成8年,ＲＣ,住宅,,,,,第２種住居地域,60.0,200.0,2010年第1四半期,改装済,,7.146128035678238
32021389,中古マンション等,,32201,島根県,松江市,西津田,松江,20,３ＬＤＫ,70,,,,平成4年,ＲＣ,住宅,住宅,,,,第１種住居地域,60.0,200.0,2015年第4四半期,改装済,,7.113943352306837
32013669,中古マンション等,,32201,島根県,松江市,大輪町,,,４ＬＤＫ,80,,,,平成9年,ＲＣ,住宅,,,,,第１種住居地域,60.0,200.0,2010年第1四半期,,,7.176091259055681
32002136,中古マンション等,,32201,島根県,松江市,東朝日町,松江,6,４ＬＤＫ,85,,,,平成14年,,住宅,住宅,,,,商業地域,80.0,400.0,2021年第2四半期,未改装,,7.431363764158987
32012508,中古マンション等,,32201,島根県,松江市,西津田,松江,15,４ＬＤＫ,75,,,,平成9年,ＲＣ,住宅,住宅,,,,第２種住居地域,60.0,200.0,2014年第4四半期,改装済,,7.176091259055681
32002086,中古マンション等,,32201,島根県,松江市,浜乃木,乃木,3,３ＬＤＫ,90,,,,平成2年,ＲＣ,住宅,住宅,,,,第２種住居地域,60.0,200.0,2020年第4四半期,改装済,,7.0
32032562,中古マンション等,,32201,島根県,松江市,浜乃木,,,３ＬＤＫ,65,,,,平成8年,ＲＣ,住宅,,,,,,,,2009年第2四半期,改装済,,6.977723605288848
32035359,中古マンション等,,32201,島根県,松江市,東茶町,松江しんじ湖温泉,13,２ＬＤＫ,80,,,,平成9年,ＲＣ,住宅,,,,,商業地域,80.0,500.0,2007年第2四半期,未改装,,7.3979400086720375
32020592,中古マンション等,,32201,島根県,松江市,上乃木,乃木,12,４ＬＤＫ,85,,,,平成18年,ＲＣ,住宅,住宅,,,,第２種住居地域,60.0,200.0,2015年第3四半期,改装済,,7.414973347970818
32029015,中古マンション等,,32201,島根県,松江市,学園,松江,23,２ＬＤＫ,75,,,,平成13年,ＳＲＣ,住宅,,,,,第２種住居地域,60.0,200.0,2013年第3四半期,未改装,,7.230448921378274
32013232,中古マンション等,,32201,島根県,松江市,西津田,松江,14,３ＬＤＫ,70,,,,平成6年,ＲＣ,住宅,住宅,,,,第１種住居地域,60.0,200.0,2017年第3四半期,改装済,,7.113943352306837
32001247,中古マンション等,,32201,島根県,松江市,大輪町,松江,26,３ＬＤＫ,70,,,,,ＲＣ,,住宅,,,,,,,2022年第3四半期,改装済,,7.230448921378274
32001867,中古マンション等,,32201,島根県,松江市,西津田,松江,14,３ＬＤＫ,70,,,,平成6年,ＲＣ,住宅,住宅,,,,第１種住居地域,60.0,200.0,2020年第3四半期,未改装,,7.113943352306837
32032311,中古マンション等,,32201,島根県,松江市,春日町,松江,30分?60分,３ＬＤＫ,70,,,,平成21年,ＲＣ,住宅,,,,,第２種中高層住居専用地域,60.0,200.0,2009年第3四半期,未改装,,7.342422680822207
32033226,中古マンション等,,32203,島根県,出雲市,中野美保北,出雲市,,３ＬＤＫ,70,,,,平成17年,ＲＣ,住宅,,,,,第２種住居地域,60.0,200.0,2009年第2四半期,改装済,,7.176091259055681
32001245,中古マンション等,,32201,島根県,松江市,大正町,松江,3,３ＬＤＫ,70,,,,平成13年,ＳＲＣ,住宅,住宅,,,,商業地域,80.0,400.0,2019年第3四半期,未改装,,7.2552725051033065
32020766,中古マンション等,,32201,島根県,松江市,学園,松江,30分?60分,３ＬＤＫ,70,,,,平成16年,ＳＲＣ,住宅,住宅,,,,第２種中高層住居専用地域,60.0,200.0,2015年第4四半期,未改装,,7.278753600952829
32001859,中古マンション等,,32201,島根県,松江市,西津田,松江,14,４ＬＤＫ,80,,,,平成6年,ＲＣ,住宅,,,,,第１種住居地域,60.0,200.0,2021年第3四半期,未改装,,6.903089986991944
32023132,中古マンション等,,32201,島根県,松江市,学園,松江,29,３ＬＤＫ,60,,,,平成7年,ＲＣ,住宅,,,,,第２種中高層住居専用地域,60.0,200.0,2012年第1四半期,改装済,,7.146128035678238
32000696,中古マンション等,,32201,島根県,松江市,黒田町,松江,30分?60分,２ＬＤＫ＋Ｓ,80,,,,平成20年,ＲＣ,,住宅,,,,近隣商業地域,80.0,200.0,2021年第4四半期,未改装,,7.3222192947339195
32026822,中古マンション等,,32203,島根県,出雲市,斐川町富村,直江,9,３ＬＤＫ,70,,,,平成5年,ＲＣ,住宅,事務所,,,,市街化区域及び市街化調整区域外の都市計画区域,70.0,200.0,2016年第4四半期,未改装,,6.812913356642856
32016727,中古マンション等,,32201,島根県,松江市,西津田,松江,21,３ＬＤＫ,65,,,,平成15年,ＳＲＣ,住宅,,,,,準工業地域,60.0,200.0,2011年第2四半期,未改装,,7.176091259055681
32032552,中古マンション等,,32201,島根県,松江市,浜乃木,乃木,5,３ＬＤＫ,65,,,,平成8年,ＲＣ,住宅,,,,,第１種住居地域,60.0,200.0,2009年第2四半期,改装済,,6.977723605288848
32000578,中古マンション等,,32201,島根県,松江市,春日町,松江しんじ湖温泉,25,３ＬＤＫ,90,,,,平成17年,ＲＣ,住宅,住宅,,,,第２種住居地域,60.0,200.0,2020年第4四半期,,,7.176091259055681
32001773,中古マンション等,,32201,島根県,松江市,西川津町,松江,30分?60分,３ＬＤＫ,65,,,,平成13年,ＲＣ,住宅,住宅,,,,第１種中高層住居専用地域,60.0,200.0,2018年第4四半期,未改装,,7.176091259055681
32034620,中古マンション等,,32201,島根県,松江市,学園,松江,,３ＬＤＫ,70,,,,平成7年,ＲＣ,住宅,,,,,第２種住居地域,60.0,200.0,2008年第4四半期,未改装,,7.113943352306837
32021158,中古マンション等,,32201,島根県,松江市,袖師町,松江,23,３ＬＤＫ,70,,,,平成12年,ＳＲＣ,住宅,住宅,,,,商業地域,80.0,400.0,2015年第4四半期,未改装,,7.146128035678238
32032521,中古マンション等,,32201,島根県,松江市,西津田,,,３ＬＤＫ,60,,,,平成6年,ＲＣ,住宅,,,,,,,,2009年第1四半期,未改装,,6.954242509439325
32000562,中古マンション等,,32201,島根県,松江市,春日町,松江,30分?60分,３ＬＤＫ,85,,,,平成21年,ＲＣ,住宅,住宅,,,,第２種中高層住居専用地域,60.0,200.0,2020年第4四半期,未改装,,7.342422680822207
32000632,中古マンション等,,32201,島根県,松江市,北田町,松江,21,３ＬＤＫ,70,,,,平成8年,ＲＣ,住宅,住宅,,,,第１種住居地域,60.0,200.0,2018年第1四半期,未改装,,7.113943352306837
32032315,中古マンション等,,32201,島根県,松江市,春日町,松江しんじ湖温泉,30分?60分,３ＬＤＫ,75,,,,平成18年,ＲＣ,住宅,,,,,第２種中高層住居専用地域,60.0,200.0,2009年第3四半期,未改装,,7.204119982655925
32002073,中古マンション等,,32201,島根県,松江市,浜乃木,乃木,4,３ＬＤＫ,90,,,,平成15年,ＲＣ,住宅,住宅,,,,準工業地域,60.0,200.0,2021年第3四半期,未改装,,7.380211241711606
32023037,中古マンション等,,32201,島根県,松江市,学園南,松江,16,３ＬＤＫ,65,,,,平成5年,ＲＣ,住宅,住宅,,,,第１種住居地域,60.0,200.0,2016年第2四半期,未改装,,7.079181246047625
32000460,中古マンション等,,32201,島根県,松江市,学園,松江,28,４ＬＤＫ,70,,,,平成7年,ＲＣ,住宅,住宅,,,,第２種中高層住居専用地域,60.0,200.0,2018年第2四半期,未改装,,7.176091259055681
32012527,中古マンション等,,32201,島根県,松江市,西津田,松江,15,３ＬＤＫ,65,,,,平成9年,ＲＣ,住宅,,,,,第２種住居地域,60.0,200.0,2014年第1四半期,改装済,,7.113943352306837
32012261,中古マンション等,,32201,島根県,松江市,学園,松江,23,３ＬＤＫ,65,,,,平成8年,ＲＣ,住宅,住宅,,,,第２種住居地域,60.0,200.0,2014年第4四半期,改装済,,7.146128035678238
32004113,中古マンション等,,32203,島根県,出雲市,今市町北本町,出雲市,12,２ＬＤＫ,65,,,,平成21年,ＲＣ,住宅,住宅,,,,商業地域,80.0,400.0,2018年第3四半期,改装済,,7.3222192947339195
32015826,中古マンション等,,32201,島根県,松江市,学園南,松江,20,４ＬＤＫ,75,,,,平成20年,ＲＣ,住宅,,,,,第２種住居地域,60.0,200.0,2011年第4四半期,未改装,,7.3222192947339195
32013178,中古マンション等,,32201,島根県,松江市,西川津町,松江,28,３ＬＤＫ,60,,,,平成2年,ＲＣ,,住宅,,,,第１種住居地域,60.0,200.0,2017年第4四半期,未改装,,6.724275869600789
32000463,中古マンション等,,32201,島根県,松江市,学園南,松江,21,３ＬＤＫ,75,,,,平成20年,ＲＣ,住宅,住宅,,,,第２種住居地域,60.0,200.0,2022年第4四半期,未改装,,7.301029995663981
32000467,中古マンション等,,32201,島根県,松江市,学園南,松江,15,３ＬＤＫ,75,,,,平成13年,ＳＲＣ,住宅,住宅,,,,第２種住居地域,60.0,200.0,2021年第2四半期,未改装,,7.3222192947339195
32002055,中古マンション等,,32201,島根県,松江市,浜乃木,乃木,5,３ＬＤＫ,70,,,,平成8年,ＲＣ,住宅,住宅,,,,第１種住居地域,60.0,200.0,2022年第4四半期,改装済,,7.278753600952829
32012579,中古マンション等,,32201,島根県,松江市,東朝日町,松江,13,３ＬＤＫ,70,,,,平成15年,ＲＣ,住宅,住宅,,,,準工業地域,60.0,200.0,2014年第2四半期,未改装,,7.278753600952829
32034629,中古マンション等,,32201,島根県,松江市,学園,松江,30分?60分,３ＬＤＫ,65,,,,平成7年,ＲＣ,住宅,,,,,第２種中高層住居専用地域,60.0,200.0,2007年第2四半期,未改装,調停・競売等,6.959041392321094
32022523,中古マンション等,,32203,島根県,出雲市,今市町北本町,出雲市,11,２ＬＤＫ,65,,,,平成21年,ＲＣ,住宅,住宅,,,,商業地域,,,2015年第2四半期,未改装,,7.204119982655925
32032966,中古マンション等,,32203,島根県,出雲市,今市町北本町,出雲市,11,３ＬＤＫ,80,,,,平成21年,ＲＣ,住宅,,,,,商業地域,80.0,400.0,2009年第4四半期,未改装,,7.380211241711606
32002515,中古マンション等,,32201,島根県,松江市,東津田町,松江,25,２ＬＤＫ＋Ｓ,65,,,,平成12年,ＳＲＣ,住宅,住宅,,,,第１種住居地域,60.0,200.0,2018年第3四半期,改装済,,7.176091259055681
32021521,中古マンション等,,32201,島根県,松江市,東朝日町,松江,10,４ＬＤＫ,90,,,,平成15年,ＲＣ,住宅,住宅,,,,準工業地域,60.0,200.0,2015年第2四半期,未改装,,7.380211241711606
32034625,中古マンション等,,32201,島根県,松江市,学園,松江,30分?60分,４ＬＤＫ,80,,,,平成7年,ＲＣ,住宅,,,,,第２種中高層住居専用地域,60.0,200.0,2007年第4四半期,未改装,,7.176091259055681
32012497,中古マンション等,,32201,島根県,松江市,西川津町,松江,28,３ＬＤＫ,60,,,,平成2年,ＲＣ,住宅,住宅,,,,第１種住居地域,60.0,200.0,2014年第2四半期,改装済,,6.954242509439325
32001720,中古マンション等,,32201,島根県,松江市,西川津町,松江,30分?60分,４ＬＤＫ,70,,,,平成13年,ＲＣ,住宅,住宅,,,,第１種中高層住居専用地域,60.0,200.0,2021年第2四半期,,,7.079181246047625
32029736,中古マンション等,,32201,島根県,松江市,西津田,松江,14,３ＬＤＫ,75,,,,平成9年,ＲＣ,住宅,,,,,第２種住居地域,60.0,200.0,2013年第2四半期,未改装,,7.204119982655925
32029571,中古マンション等,,32201,島根県,松江市,大輪町,松江,30分?60分,３ＬＤＫ,65,,,,平成9年,ＲＣ,住宅,,,,,第１種住居地域,60.0,200.0,2013年第1四半期,未改装,,7.204119982655925
32013023,中古マンション等,,32201,島根県,松江市,大正町,松江,4,４ＬＤＫ,100,,,,平成17年,ＳＲＣ,住宅,住宅,,,,商業地域,80.0,400.0,2017年第3四半期,未改装,,7.477121254719663
32015822,中古マンション等,,32201,島根県,松江市,学園,松江,29,３ＬＤＫ,60,,,,平成7年,ＲＣ,住宅,,,,,第２種住居地域,60.0,200.0,2011年第4四半期,未改装,,6.973127853599698
32001845,中古マンション等,,32201,島根県,松江市,西津田,松江,25,３ＬＤＫ,70,,,,平成25年,ＲＣ,住宅,住宅,,,,第２種中高層住居専用地域,60.0,200.0,2022年第3四半期,未改装,,7.2552725051033065
32020759,中古マンション等,,32201,島根県,松江市,奥谷町,松江,30分?60分,,55,,,,平成3年,ＲＣ,住宅,住宅,,,,第１種中高層住居専用地域,60.0,200.0,2015年第3四半期,改装済,,6.968482948553935
32029280,中古マンション等,,32201,島根県,松江市,黒田町,松江しんじ湖温泉,10,３ＬＤＫ,80,,,,平成18年,ＳＲＣ,住宅,,,,,第１種中高層住居専用地域,60.0,200.0,2013年第1四半期,未改装,,7.3979400086720375
32000455,中古マンション等,,32201,島根県,松江市,学園,松江,24,３ＬＤＫ,75,,,,平成14年,ＳＲＣ,住宅,住宅,,,,第２種住居地域,60.0,200.0,2019年第3四半期,未改装,,7.230448921378274
32012266,中古マンション等,,32201,島根県,松江市,学園,松江,23,３ＬＤＫ,80,,,,平成14年,ＳＲＣ,住宅,,,,,第２種住居地域,60.0,200.0,2014年第2四半期,未改装,,7.176091259055681
32029730,中古マンション等,,32201,島根県,松江市,西津田,松江,20,３ＬＤＫ,65,,,,平成15年,ＳＲＣ,住宅,,,,,準工業地域,60.0,200.0,2013年第3四半期,未改装,,7.230448921378274
32035161,中古マンション等,,32201,島根県,松江市,西川津町,松江,30分?60分,３ＬＤＫ,65,,,,平成13年,ＲＣ,住宅,,,,,第１種中高層住居専用地域,60.0,200.0,2008年第2四半期,未改装,,7.146128035678238
32012427,中古マンション等,,32201,島根県,松江市,大輪町,松江,29,４ＬＤＫ,95,,,,平成9年,ＲＣ,住宅,,,,,第１種住居地域,60.0,200.0,2014年第1四半期,未改装,,7.278753600952829
32035163,中古マンション等,,32201,島根県,松江市,西川津町,松江,26,３ＬＤＫ,60,,,,平成2年,ＲＣ,住宅,,,,,第１種住居地域,60.0,200.0,2008年第2四半期,改装済,,6.770852011642144
32000564,中古マンション等,,32201,島根県,松江市,春日町,松江,30分?60分,３ＬＤＫ,90,,,,平成21年,ＲＣ,住宅,住宅,,,,第２種中高層住居専用地域,60.0,200.0,2020年第3四半期,改装済,,7.361727836017593
32012905,中古マンション等,,32201,島根県,松江市,古志原,松江,30分?60分,３ＬＤＫ,65,,,,平成16年,ＲＣ,住宅,住宅,,,,第１種住居地域,60.0,200.0,2017年第1四半期,未改装,,7.146128035678238
32024102,中古マンション等,,32201,島根県,松江市,東朝日町,松江,6,４ＬＤＫ,80,,,,平成14年,ＳＲＣ,住宅,住宅,,,,商業地域,80.0,400.0,2016年第4四半期,改装済,,7.3222192947339195
32001251,中古マンション等,,32201,島根県,松江市,大輪町,松江,30分?60分,３ＬＤＫ,70,,,,平成9年,ＲＣ,住宅,住宅,,,,第１種住居地域,60.0,200.0,2018年第1四半期,改装済,,7.230448921378274
32001205,中古マンション等,,32201,島根県,松江市,砂子町,松江,30分?60分,３ＬＤＫ,70,,,,,,,住宅,,,,第２種中高層住居専用地域,60.0,200.0,2020年第3四半期,,,7.414973347970818
32001250,中古マンション等,,32201,島根県,松江市,大輪町,松江,26,３ＬＤＫ,70,,,,,ＲＣ,住宅,住宅,,,,第１種住居地域,60.0,200.0,2018年第3四半期,未改装,,7.146128035678238
32023135,中古マンション等,,32201,島根県,松江市,学園,松江,26,３ＬＤＫ,60,,,,平成7年,ＲＣ,住宅,,,,,第２種中高層住居専用地域,60.0,200.0,2012年第1四半期,未改装,調停・競売等,7.079181246047625
32015616,中古マンション等,,32203,島根県,出雲市,小山町,出雲市,29,４ＬＤＫ,80,,,,平成14年,ＳＲＣ,住宅,,,,,第１種住居地域,60.0,200.0,2010年第3四半期,未改装,,7.204119982655925
32021348,中古マンション等,,32201,島根県,松江市,西川津町,松江,30分?60分,４ＬＤＫ,70,,,,平成13年,ＲＣ,住宅,住宅,,,,第１種中高層住居専用地域,60.0,200.0,2015年第1四半期,改装済,,7.113943352306837
32013315,中古マンション等,,32201,島根県,松江市,春日町,松江,30分?60分,３ＬＤＫ,70,,,,平成21年,ＲＣ,住宅,,,,,第２種中高層住居専用地域,60.0,200.0,2010年第3四半期,未改装,,7.2552725051033065
32000411,中古マンション等,,32201,島根県,松江市,奥谷町,松江,2H?,３ＤＫ,50,,,,,,,住宅,,,,第１種中高層住居専用地域,60.0,200.0,2022年第2四半期,未改装,,6.954242509439325
32032354,中古マンション等,,32201,島根県,松江市,黒田町,松江,30分?60分,３ＬＤＫ,70,,,,平成13年,ＲＣ,住宅,,,,,近隣商業地域,80.0,200.0,2009年第1四半期,未改装,,7.176091259055681
32013011,中古マンション等,,32201,島根県,松江市,袖師町,松江,21,３ＬＤＫ,65,,,,平成12年,ＳＲＣ,住宅,住宅,,,,商業地域,80.0,400.0,2017年第4四半期,未改装,,7.278753600952829
32016622,中古マンション等,,32201,島根県,松江市,西川津町,松江,25,３ＬＤＫ,60,,,,平成2年,ＲＣ,住宅,,,,,第１種住居地域,60.0,200.0,2011年第4四半期,改装済,,6.903089986991944
32029014,中古マンション等,,32201,島根県,松江市,学園,松江,29,３ＬＤＫ,65,,,,平成7年,ＲＣ,住宅,,,,,第２種住居地域,60.0,200.0,2013年第3四半期,未改装,,7.146128035678238
32012857,中古マンション等,,32201,島根県,松江市,黒田町,松江しんじ湖温泉,12,３ＬＤＫ,100,,,,平成20年,ＲＣ,住宅,住宅,,,,近隣商業地域,80.0,200.0,2017年第1四半期,未改装,,7.447158031342219
32001850,中古マンション等,,32201,島根県,松江市,西津田,松江,15,４ＬＤＫ,65,,,,平成9年,ＲＣ,住宅,住宅,,,,第２種住居地域,60.0,200.0,2022年第1四半期,改装済,,7.204119982655925
32000621,中古マンション等,,32201,島根県,松江市,北田町,松江,19,３ＬＤＫ,90,,,,平成17年,,,住宅,,,,第２種住居地域,60.0,200.0,2020年第3四半期,改装済,,7.414973347970818
32012323,中古マンション等,,32201,島根県,松江市,黒田町,松江しんじ湖温泉,16,３ＬＤＫ,80,,,,平成11年,ＲＣ,住宅,住宅,,,,第２種中高層住居専用地域,60.0,200.0,2014年第2四半期,改装済,,7.230448921378274
